-- phpMyAdmin SQL Dump
-- version 5.2.1deb3
-- https://www.phpmyadmin.net/
--
-- Host: localhost:3306
-- Generation Time: Jun 20, 2026 at 01:01 PM
-- Server version: 8.0.46-0ubuntu0.24.04.2
-- PHP Version: 8.3.6

SET SQL_MODE = "NO_AUTO_VALUE_ON_ZERO";
START TRANSACTION;
SET time_zone = "+00:00";


/*!40101 SET @OLD_CHARACTER_SET_CLIENT=@@CHARACTER_SET_CLIENT */;
/*!40101 SET @OLD_CHARACTER_SET_RESULTS=@@CHARACTER_SET_RESULTS */;
/*!40101 SET @OLD_COLLATION_CONNECTION=@@COLLATION_CONNECTION */;
/*!40101 SET NAMES utf8mb4 */;

--
-- Database: `posbankum_db`
--

-- --------------------------------------------------------

--
-- Table structure for table `kabupaten`
--

CREATE TABLE `kabupaten` (
  `id_kabupaten` char(36) CHARACTER SET utf8mb4 COLLATE utf8mb4_unicode_ci NOT NULL DEFAULT '',
  `nama` varchar(150) CHARACTER SET utf8mb4 COLLATE utf8mb4_unicode_ci NOT NULL,
  `created_at` datetime NOT NULL DEFAULT CURRENT_TIMESTAMP
) ENGINE=InnoDB DEFAULT CHARSET=utf8mb4 COLLATE=utf8mb4_unicode_ci;

--
-- Dumping data for table `kabupaten`
--

INSERT INTO `kabupaten` (`id_kabupaten`, `nama`, `created_at`) VALUES
('14.01', 'Kabupaten Kampar', '2026-06-06 10:40:19'),
('14.02', 'Kabupaten Indragiri Hulu', '2026-06-06 10:40:19'),
('14.03', 'Kabupaten Bengkalis', '2026-06-06 10:40:19'),
('14.04', 'Kabupaten Indragiri Hilir', '2026-06-06 10:40:19'),
('14.05', 'Kabupaten Pelalawan', '2026-06-06 10:40:19'),
('14.06', 'Kabupaten Rokan Hulu', '2026-06-06 10:40:19'),
('14.07', 'Kabupaten Rokan Hilir', '2026-06-06 10:40:19'),
('14.08', 'Kabupaten Siak', '2026-06-06 10:40:19'),
('14.09', 'Kabupaten Kuantan Singingi', '2026-06-06 10:40:19'),
('14.10', 'Kabupaten Kepulauan Meranti', '2026-06-06 10:40:19'),
('14.71', 'Kota Pekanbaru', '2026-06-06 10:40:19'),
('14.72', 'Kota Dumai', '2026-06-06 10:40:19');

--
-- Triggers `kabupaten`
--
DELIMITER $$
CREATE TRIGGER `kabupaten_before_insert` BEFORE INSERT ON `kabupaten` FOR EACH ROW BEGIN
  IF NEW.id_kabupaten IS NULL OR NEW.id_kabupaten = '' THEN
    SET NEW.id_kabupaten = UUID()$$
DELIMITER ;

-- --------------------------------------------------------

--
-- Table structure for table `kecamatan`
--

CREATE TABLE `kecamatan` (
  `id_kecamatan` char(36) CHARACTER SET utf8mb4 COLLATE utf8mb4_unicode_ci NOT NULL DEFAULT '',
  `id_kabupaten` char(36) CHARACTER SET utf8mb4 COLLATE utf8mb4_unicode_ci NOT NULL,
  `nama` varchar(150) CHARACTER SET utf8mb4 COLLATE utf8mb4_unicode_ci NOT NULL,
  `created_at` datetime NOT NULL DEFAULT CURRENT_TIMESTAMP
) ENGINE=InnoDB DEFAULT CHARSET=utf8mb4 COLLATE=utf8mb4_unicode_ci;

--
-- Dumping data for table `kecamatan`
--

INSERT INTO `kecamatan` (`id_kecamatan`, `id_kabupaten`, `nama`, `created_at`) VALUES
('14.01.01', '14.01', 'Bangkinang Kota', '2026-06-06 10:40:20'),
('14.01.02', '14.01', 'Kampar', '2026-06-06 10:40:20'),
('14.01.03', '14.01', 'Tambang', '2026-06-06 10:40:20'),
('14.01.04', '14.01', 'XIII Koto Kampar', '2026-06-06 10:40:20'),
('14.01.05', '14.01', 'Kuok', '2026-06-06 10:40:20'),
('14.01.06', '14.01', 'Siak Hulu', '2026-06-06 10:40:20'),
('14.01.07', '14.01', 'Kampar Kiri', '2026-06-06 10:40:20'),
('14.01.08', '14.01', 'Kampar Kiri Hilir', '2026-06-06 10:40:20'),
('14.01.09', '14.01', 'Kampar Kiri Hulu', '2026-06-06 10:40:20'),
('14.01.10', '14.01', 'Tapung', '2026-06-06 10:40:20'),
('14.01.11', '14.01', 'Tapung Hilir', '2026-06-06 10:40:20'),
('14.01.12', '14.01', 'Tapung Hulu', '2026-06-06 10:40:20'),
('14.01.13', '14.01', 'Salo', '2026-06-06 10:40:20'),
('14.01.14', '14.01', 'Rumbio Jaya', '2026-06-06 10:40:20'),
('14.01.15', '14.01', 'Bangkinang', '2026-06-06 10:40:20'),
('14.01.16', '14.01', 'Perhentian Raja', '2026-06-06 10:40:20'),
('14.01.17', '14.01', 'Kampa', '2026-06-06 10:40:20'),
('14.01.18', '14.01', 'Kampar Utara', '2026-06-06 10:40:20'),
('14.01.19', '14.01', 'Kampar Kiri Tengah', '2026-06-06 10:40:20'),
('14.01.20', '14.01', 'Gunung Sahilan', '2026-06-06 10:40:20'),
('14.01.21', '14.01', 'Koto Kampar Hulu', '2026-06-06 10:40:20'),
('14.02.01', '14.02', 'Rengat', '2026-06-06 10:40:20'),
('14.02.02', '14.02', 'Rengat Barat', '2026-06-06 10:40:20'),
('14.02.03', '14.02', 'Kelayang', '2026-06-06 10:40:20'),
('14.02.04', '14.02', 'Pasir Penyu', '2026-06-06 10:40:20'),
('14.02.05', '14.02', 'Peranap', '2026-06-06 10:40:20'),
('14.02.06', '14.02', 'Seberida', '2026-06-06 10:40:20'),
('14.02.07', '14.02', 'Batang Cenaku', '2026-06-06 10:40:20'),
('14.02.08', '14.02', 'Batang Gansal', '2026-06-06 10:40:20'),
('14.02.09', '14.02', 'Lirik', '2026-06-06 10:40:20'),
('14.02.10', '14.02', 'Kuala Cenaku', '2026-06-06 10:40:20'),
('14.02.11', '14.02', 'Sungai Lala', '2026-06-06 10:40:20'),
('14.02.12', '14.02', 'Lubuk Batu Jaya', '2026-06-06 10:40:20'),
('14.02.13', '14.02', 'Rakit Kulim', '2026-06-06 10:40:20'),
('14.02.14', '14.02', 'Batang Peranap', '2026-06-06 10:40:20'),
('14.03.01', '14.03', 'Bengkalis', '2026-06-06 10:40:20'),
('14.03.02', '14.03', 'Bantan', '2026-06-06 10:40:20'),
('14.03.03', '14.03', 'Bukit Batu', '2026-06-06 10:40:20'),
('14.03.09', '14.03', 'Mandau', '2026-06-06 10:40:20'),
('14.03.10', '14.03', 'Rupat', '2026-06-06 10:40:20'),
('14.03.11', '14.03', 'Rupat Utara', '2026-06-06 10:40:20'),
('14.03.12', '14.03', 'Siak Kecil', '2026-06-06 10:40:20'),
('14.03.13', '14.03', 'Pinggir', '2026-06-06 10:40:20'),
('14.03.14', '14.03', 'Bandar Laksamana', '2026-06-06 10:40:20'),
('14.03.15', '14.03', 'Talang Muandau', '2026-06-06 10:40:20'),
('14.03.16', '14.03', 'Bathin Solapan', '2026-06-06 10:40:20'),
('14.04.01', '14.04', 'Reteh', '2026-06-06 10:40:20'),
('14.04.02', '14.04', 'Enok', '2026-06-06 10:40:20'),
('14.04.03', '14.04', 'Kuala Indragiri', '2026-06-06 10:40:20'),
('14.04.04', '14.04', 'Tembilahan', '2026-06-06 10:40:20'),
('14.04.05', '14.04', 'Tempuling', '2026-06-06 10:40:20'),
('14.04.06', '14.04', 'Gaung Anak Serka', '2026-06-06 10:40:20'),
('14.04.07', '14.04', 'Mandah', '2026-06-06 10:40:20'),
('14.04.08', '14.04', 'Kateman', '2026-06-06 10:40:20'),
('14.04.09', '14.04', 'Keritang', '2026-06-06 10:40:20'),
('14.04.10', '14.04', 'Tanah Merah', '2026-06-06 10:40:20'),
('14.04.11', '14.04', 'Batang Tuaka', '2026-06-06 10:40:20'),
('14.04.12', '14.04', 'Gaung', '2026-06-06 10:40:20'),
('14.04.13', '14.04', 'Tembilahan Hulu', '2026-06-06 10:40:20'),
('14.04.14', '14.04', 'Kemuning', '2026-06-06 10:40:20'),
('14.04.15', '14.04', 'Pelangiran', '2026-06-06 10:40:20'),
('14.04.16', '14.04', 'Teluk Belengkong', '2026-06-06 10:40:20'),
('14.04.17', '14.04', 'Pulau Burung', '2026-06-06 10:40:20'),
('14.04.18', '14.04', 'Concong', '2026-06-06 10:40:20'),
('14.04.19', '14.04', 'Kempas', '2026-06-06 10:40:20'),
('14.04.20', '14.04', 'Sungai Batang', '2026-06-06 10:40:20'),
('14.05.01', '14.05', 'Ukui', '2026-06-06 10:40:20'),
('14.05.02', '14.05', 'Pangkalan Kerinci', '2026-06-06 10:40:20'),
('14.05.03', '14.05', 'Pangkalan Kuras', '2026-06-06 10:40:20'),
('14.05.04', '14.05', 'Pangkalan Lesung', '2026-06-06 10:40:20'),
('14.05.05', '14.05', 'Langgam', '2026-06-06 10:40:20'),
('14.05.06', '14.05', 'Pelalawan', '2026-06-06 10:40:20'),
('14.05.07', '14.05', 'Kerumutan', '2026-06-06 10:40:20'),
('14.05.08', '14.05', 'Bunut', '2026-06-06 10:40:20'),
('14.05.09', '14.05', 'Teluk Meranti', '2026-06-06 10:40:20'),
('14.05.10', '14.05', 'Kuala Kampar', '2026-06-06 10:40:20'),
('14.05.11', '14.05', 'Bandar Sei Kijang', '2026-06-06 10:40:20'),
('14.05.12', '14.05', 'Bandar Petalangan', '2026-06-06 10:40:20'),
('14.06.01', '14.06', 'Ujung Batu', '2026-06-06 10:40:20'),
('14.06.02', '14.06', 'Rokan IV Koto', '2026-06-06 10:40:20'),
('14.06.03', '14.06', 'Rambah', '2026-06-06 10:40:20'),
('14.06.04', '14.06', 'Tambusai', '2026-06-06 10:40:20'),
('14.06.05', '14.06', 'Kepenuhan', '2026-06-06 10:40:20'),
('14.06.06', '14.06', 'Kunto Darussalam', '2026-06-06 10:40:20'),
('14.06.07', '14.06', 'Rambah Samo', '2026-06-06 10:40:20'),
('14.06.08', '14.06', 'Rambah Hilir', '2026-06-06 10:40:20'),
('14.06.09', '14.06', 'Tambusai Utara', '2026-06-06 10:40:20'),
('14.06.10', '14.06', 'Bangun Purba', '2026-06-06 10:40:20'),
('14.06.11', '14.06', 'Tandun', '2026-06-06 10:40:20'),
('14.06.12', '14.06', 'Kabun', '2026-06-06 10:40:20'),
('14.06.13', '14.06', 'Bonai Darussalam', '2026-06-06 10:40:20'),
('14.06.14', '14.06', 'Pagaran Tapah Darussalam', '2026-06-06 10:40:20'),
('14.06.15', '14.06', 'Kepenuhan Hulu', '2026-06-06 10:40:20'),
('14.06.16', '14.06', 'Pendalian IV Koto', '2026-06-06 10:40:20'),
('14.07.01', '14.07', 'Kubu', '2026-06-06 10:40:20'),
('14.07.02', '14.07', 'Bangko', '2026-06-06 10:40:20'),
('14.07.03', '14.07', 'Tanah Putih', '2026-06-06 10:40:20'),
('14.07.04', '14.07', 'Rimba Melintang', '2026-06-06 10:40:20'),
('14.07.05', '14.07', 'Bagansinembah', '2026-06-06 10:40:20'),
('14.07.06', '14.07', 'Pasir Limau Kapas', '2026-06-06 10:40:20'),
('14.07.07', '14.07', 'Sinaboi', '2026-06-06 10:40:20'),
('14.07.08', '14.07', 'Pujud', '2026-06-06 10:40:20'),
('14.07.09', '14.07', 'Tanah Putih Tanjung Melawan', '2026-06-06 10:40:20'),
('14.07.10', '14.07', 'Bangko Pusako', '2026-06-06 10:40:20'),
('14.07.11', '14.07', 'Simpang Kanan', '2026-06-06 10:40:20'),
('14.07.12', '14.07', 'Batu Hampar', '2026-06-06 10:40:20'),
('14.07.13', '14.07', 'Rantau Kopar', '2026-06-06 10:40:20'),
('14.07.14', '14.07', 'Pekaitan', '2026-06-06 10:40:20'),
('14.07.15', '14.07', 'Kubu Babussalam', '2026-06-06 10:40:20'),
('14.07.16', '14.07', 'Tanjung Medan', '2026-06-06 10:40:20'),
('14.07.17', '14.07', 'Bagan Sinembah Raya', '2026-06-06 10:40:20'),
('14.07.18', '14.07', 'Balai Jaya', '2026-06-06 10:40:20'),
('14.08.01', '14.08', 'Siak', '2026-06-06 10:40:20'),
('14.08.02', '14.08', 'Sungai Apit', '2026-06-06 10:40:20'),
('14.08.03', '14.08', 'Minas', '2026-06-06 10:40:20'),
('14.08.04', '14.08', 'Tualang', '2026-06-06 10:40:20'),
('14.08.05', '14.08', 'Sungai Mandau', '2026-06-06 10:40:20'),
('14.08.06', '14.08', 'Dayun', '2026-06-06 10:40:20'),
('14.08.07', '14.08', 'Kerinci Kanan', '2026-06-06 10:40:20'),
('14.08.08', '14.08', 'Bunga Raya', '2026-06-06 10:40:20'),
('14.08.09', '14.08', 'Koto Gasib', '2026-06-06 10:40:20'),
('14.08.10', '14.08', 'Kandis', '2026-06-06 10:40:20'),
('14.08.11', '14.08', 'Lubuk Dalam', '2026-06-06 10:40:20'),
('14.08.12', '14.08', 'Sabak Auh', '2026-06-06 10:40:20'),
('14.08.13', '14.08', 'Mempura', '2026-06-06 10:40:20'),
('14.08.14', '14.08', 'Pusako', '2026-06-06 10:40:20'),
('14.09.01', '14.09', 'Kuantan Mudik', '2026-06-06 10:40:20'),
('14.09.02', '14.09', 'Kuantan Tengah', '2026-06-06 10:40:20'),
('14.09.03', '14.09', 'Singingi', '2026-06-06 10:40:20'),
('14.09.04', '14.09', 'Kuantan Hilir', '2026-06-06 10:40:20'),
('14.09.05', '14.09', 'Cerenti', '2026-06-06 10:40:20'),
('14.09.06', '14.09', 'Benai', '2026-06-06 10:40:20'),
('14.09.07', '14.09', 'Gunungtoar', '2026-06-06 10:40:20'),
('14.09.08', '14.09', 'Singingi Hilir', '2026-06-06 10:40:20'),
('14.09.09', '14.09', 'Pangean', '2026-06-06 10:40:20'),
('14.09.10', '14.09', 'Logas Tanah Darat', '2026-06-06 10:40:20'),
('14.09.11', '14.09', 'Inuman', '2026-06-06 10:40:20'),
('14.09.12', '14.09', 'Hulu Kuantan', '2026-06-06 10:40:20'),
('14.09.13', '14.09', 'Kuantan Hilir Seberang', '2026-06-06 10:40:20'),
('14.09.14', '14.09', 'Sentajo Raya', '2026-06-06 10:40:20'),
('14.09.15', '14.09', 'Pucuk Rantau', '2026-06-06 10:40:20'),
('14.10.01', '14.10', 'Tebing Tinggi', '2026-06-06 10:40:20'),
('14.10.02', '14.10', 'Rangsang Barat', '2026-06-06 10:40:20'),
('14.10.03', '14.10', 'Rangsang', '2026-06-06 10:40:20'),
('14.10.04', '14.10', 'Tebing Tinggi Barat', '2026-06-06 10:40:20'),
('14.10.05', '14.10', 'Merbau', '2026-06-06 10:40:20'),
('14.10.06', '14.10', 'Pulaumerbau', '2026-06-06 10:40:20'),
('14.10.07', '14.10', 'Tebing Tinggi Timur', '2026-06-06 10:40:20'),
('14.10.08', '14.10', 'Tasik Putri Puyu', '2026-06-06 10:40:20'),
('14.10.09', '14.10', 'Rangsang Pesisir', '2026-06-06 10:40:20'),
('14.71.01', '14.71', 'Sukajadi', '2026-06-06 10:40:20'),
('14.71.02', '14.71', 'Pekanbaru Kota', '2026-06-06 10:40:20'),
('14.71.03', '14.71', 'Sail', '2026-06-06 10:40:20'),
('14.71.04', '14.71', 'Limapuluh', '2026-06-06 10:40:20'),
('14.71.05', '14.71', 'Senapelan', '2026-06-06 10:40:20'),
('14.71.06', '14.71', 'Rumbai Barat', '2026-06-06 10:40:20'),
('14.71.07', '14.71', 'Bukit Raya', '2026-06-06 10:40:20'),
('14.71.08', '14.71', 'Binawidya', '2026-06-06 10:40:20'),
('14.71.09', '14.71', 'Marpoyan Damai', '2026-06-06 10:40:20'),
('14.71.10', '14.71', 'Tenayan Raya', '2026-06-06 10:40:20'),
('14.71.11', '14.71', 'Payung Sekaki', '2026-06-06 10:40:20'),
('14.71.12', '14.71', 'Rumbai', '2026-06-06 10:40:20'),
('14.71.13', '14.71', 'Tuahmadani', '2026-06-06 10:40:20'),
('14.71.14', '14.71', 'Kulim', '2026-06-06 10:40:20'),
('14.71.15', '14.71', 'Rumbai Timur', '2026-06-06 10:40:20'),
('14.72.01', '14.72', 'Dumai Barat', '2026-06-06 10:40:20'),
('14.72.02', '14.72', 'Dumai Timur', '2026-06-06 10:40:20'),
('14.72.03', '14.72', 'Bukit Kapur', '2026-06-06 10:40:20'),
('14.72.04', '14.72', 'Sungai Sembilan', '2026-06-06 10:40:20'),
('14.72.05', '14.72', 'Medang Kampai', '2026-06-06 10:40:20'),
('14.72.06', '14.72', 'Dumai Kota', '2026-06-06 10:40:20'),
('14.72.07', '14.72', 'Dumai Selatan', '2026-06-06 10:40:20');

--
-- Triggers `kecamatan`
--
DELIMITER $$
CREATE TRIGGER `kecamatan_before_insert` BEFORE INSERT ON `kecamatan` FOR EACH ROW BEGIN
  IF NEW.id_kecamatan IS NULL OR NEW.id_kecamatan = '' THEN
    SET NEW.id_kecamatan = UUID()$$
DELIMITER ;

-- --------------------------------------------------------

--
-- Table structure for table `kegiatan`
--

CREATE TABLE `kegiatan` (
  `id_kegiatan` char(36) CHARACTER SET utf8mb4 COLLATE utf8mb4_unicode_ci NOT NULL DEFAULT '',
  `id_posbankum` char(36) CHARACTER SET utf8mb4 COLLATE utf8mb4_unicode_ci NOT NULL,
  `judul` varchar(255) CHARACTER SET utf8mb4 COLLATE utf8mb4_unicode_ci NOT NULL,
  `deskripsi` text CHARACTER SET utf8mb4 COLLATE utf8mb4_unicode_ci,
  `catatan` text CHARACTER SET utf8mb4 COLLATE utf8mb4_unicode_ci,
  `status` varchar(50) CHARACTER SET utf8mb4 COLLATE utf8mb4_unicode_ci NOT NULL DEFAULT 'draft',
  `tgl_upload` datetime NOT NULL DEFAULT CURRENT_TIMESTAMP,
  `tgl_mulai` date DEFAULT NULL,
  `tgl_selesai` date DEFAULT NULL,
  `thumbnail_path` text CHARACTER SET utf8mb4 COLLATE utf8mb4_unicode_ci,
  `lokasi` text CHARACTER SET utf8mb4 COLLATE utf8mb4_unicode_ci,
  `anggota_terlibat` json DEFAULT NULL,
  `kategori` varchar(100) CHARACTER SET utf8mb4 COLLATE utf8mb4_unicode_ci DEFAULT NULL,
  `hasil_kegiatan` text CHARACTER SET utf8mb4 COLLATE utf8mb4_unicode_ci,
  `created_by` char(36) CHARACTER SET utf8mb4 COLLATE utf8mb4_unicode_ci DEFAULT NULL
) ENGINE=InnoDB DEFAULT CHARSET=utf8mb4 COLLATE=utf8mb4_unicode_ci;

--
-- Triggers `kegiatan`
--
DELIMITER $$
CREATE TRIGGER `kegiatan_before_insert` BEFORE INSERT ON `kegiatan` FOR EACH ROW BEGIN
  IF NEW.id_kegiatan IS NULL OR NEW.id_kegiatan = '' THEN
    SET NEW.id_kegiatan = UUID()$$
DELIMITER ;

-- --------------------------------------------------------

--
-- Table structure for table `kelurahan`
--

CREATE TABLE `kelurahan` (
  `id_kelurahan` char(36) CHARACTER SET utf8mb4 COLLATE utf8mb4_unicode_ci NOT NULL DEFAULT '',
  `id_kecamatan` char(36) CHARACTER SET utf8mb4 COLLATE utf8mb4_unicode_ci NOT NULL,
  `nama` varchar(150) CHARACTER SET utf8mb4 COLLATE utf8mb4_unicode_ci NOT NULL,
  `jenis` enum('kelurahan','desa','desa_adat') CHARACTER SET utf8mb4 COLLATE utf8mb4_unicode_ci DEFAULT NULL,
  `kode_pos` varchar(10) CHARACTER SET utf8mb4 COLLATE utf8mb4_unicode_ci DEFAULT NULL,
  `created_at` datetime NOT NULL DEFAULT CURRENT_TIMESTAMP
) ENGINE=InnoDB DEFAULT CHARSET=utf8mb4 COLLATE=utf8mb4_unicode_ci;

--
-- Dumping data for table `kelurahan`
--

INSERT INTO `kelurahan` (`id_kelurahan`, `id_kecamatan`, `nama`, `jenis`, `kode_pos`, `created_at`) VALUES
('14.01.01.1011', '14.01.01', 'Bangkinang', 'kelurahan', NULL, '2026-06-06 10:40:20'),
('14.01.01.1013', '14.01.01', 'Langgini', 'kelurahan', NULL, '2026-06-06 10:40:20'),
('14.01.01.2009', '14.01.01', 'Kumantan', 'desa', NULL, '2026-06-06 10:40:20'),
('14.01.01.2010', '14.01.01', 'Ridan Permai', 'desa', NULL, '2026-06-06 10:40:20'),
('14.01.02.1027', '14.01.02', 'Air Tiris', 'kelurahan', NULL, '2026-06-06 10:40:20'),
('14.01.02.2001', '14.01.02', 'Batu Belah', 'desa', NULL, '2026-06-06 10:40:20'),
('14.01.02.2003', '14.01.02', 'Tanjung Berulak', 'desa', NULL, '2026-06-06 10:40:20'),
('14.01.02.2006', '14.01.02', 'Ranah', 'desa', NULL, '2026-06-06 10:40:20'),
('14.01.02.2007', '14.01.02', 'Penyasawan', 'desa', NULL, '2026-06-06 10:40:20'),
('14.01.02.2008', '14.01.02', 'Rumbio', 'desa', NULL, '2026-06-06 10:40:20'),
('14.01.02.2013', '14.01.02', 'Padang Mutung', 'desa', NULL, '2026-06-06 10:40:20'),
('14.01.02.2023', '14.01.02', 'Pulau Jambu', 'desa', NULL, '2026-06-06 10:40:20'),
('14.01.02.2024', '14.01.02', 'Tanjung Rambutan', 'desa', NULL, '2026-06-06 10:40:20'),
('14.01.02.2025', '14.01.02', 'Simpang Kubu', 'desa', NULL, '2026-06-06 10:40:20'),
('14.01.02.2028', '14.01.02', 'Limau Manis', 'desa', NULL, '2026-06-06 10:40:20'),
('14.01.02.2030', '14.01.02', 'Naumbai', 'desa', NULL, '2026-06-06 10:40:20'),
('14.01.02.2031', '14.01.02', 'Pulau Tinggi', 'desa', NULL, '2026-06-06 10:40:20'),
('14.01.02.2032', '14.01.02', 'Ranah Baru', 'desa', NULL, '2026-06-06 10:40:20'),
('14.01.02.2033', '14.01.02', 'Bukit Ranah', 'desa', NULL, '2026-06-06 10:40:20'),
('14.01.02.2034', '14.01.02', 'Pulau Sarak', 'desa', NULL, '2026-06-06 10:40:20'),
('14.01.02.2035', '14.01.02', 'Koto Tibun', 'desa', NULL, '2026-06-06 10:40:20'),
('14.01.02.2036', '14.01.02', 'Ranah Singkuang', 'desa', NULL, '2026-06-06 10:40:20'),
('14.01.03.2001', '14.01.03', 'Tambang', 'desa', NULL, '2026-06-06 10:40:20'),
('14.01.03.2002', '14.01.03', 'Kuapan', 'desa', NULL, '2026-06-06 10:40:20'),
('14.01.03.2003', '14.01.03', 'Gobah', 'desa', NULL, '2026-06-06 10:40:20'),
('14.01.03.2004', '14.01.03', 'Teluk Kenidai', 'desa', NULL, '2026-06-06 10:40:20'),
('14.01.03.2005', '14.01.03', 'Aursati', 'desa', NULL, '2026-06-06 10:40:20'),
('14.01.03.2006', '14.01.03', 'Padang Luas', 'desa', NULL, '2026-06-06 10:40:20'),
('14.01.03.2007', '14.01.03', 'Terantang', 'desa', NULL, '2026-06-06 10:40:20'),
('14.01.03.2008', '14.01.03', 'Kualu', 'desa', NULL, '2026-06-06 10:40:20'),
('14.01.03.2009', '14.01.03', 'Rimbo Panjang', 'desa', NULL, '2026-06-06 10:40:20'),
('14.01.03.2010', '14.01.03', 'Parit Baru', 'desa', NULL, '2026-06-06 10:40:20'),
('14.01.03.2011', '14.01.03', 'Kemang Indah', 'desa', NULL, '2026-06-06 10:40:20'),
('14.01.03.2012', '14.01.03', 'Kualu Nenas', 'desa', NULL, '2026-06-06 10:40:20'),
('14.01.03.2013', '14.01.03', 'Tarai Bangun', 'desa', NULL, '2026-06-06 10:40:20'),
('14.01.03.2014', '14.01.03', 'Sungai Pinang', 'desa', NULL, '2026-06-06 10:40:20'),
('14.01.03.2015', '14.01.03', 'Balam Jaya', 'desa', NULL, '2026-06-06 10:40:20'),
('14.01.03.2016', '14.01.03', 'Pulau Permai', 'desa', NULL, '2026-06-06 10:40:20'),
('14.01.03.2017', '14.01.03', 'Palung Raya', 'desa', NULL, '2026-06-06 10:40:20'),
('14.01.04.1018', '14.01.04', 'Batu Bersurat', 'kelurahan', NULL, '2026-06-06 10:40:20'),
('14.01.04.2004', '14.01.04', 'Gunung Bungsu', 'desa', NULL, '2026-06-06 10:40:20'),
('14.01.04.2005', '14.01.04', 'Koto Tuo', 'desa', NULL, '2026-06-06 10:40:20'),
('14.01.04.2006', '14.01.04', 'Balung', 'desa', NULL, '2026-06-06 10:40:20'),
('14.01.04.2007', '14.01.04', 'Muara Takus', 'desa', NULL, '2026-06-06 10:40:20'),
('14.01.04.2010', '14.01.04', 'Pulau Gadang', 'desa', NULL, '2026-06-06 10:40:20'),
('14.01.04.2011', '14.01.04', 'Tanjung Alai', 'desa', NULL, '2026-06-06 10:40:20'),
('14.01.04.2012', '14.01.04', 'Ranah Sungkai', 'desa', NULL, '2026-06-06 10:40:20'),
('14.01.04.2013', '14.01.04', 'Lubuk Agung', 'desa', NULL, '2026-06-06 10:40:20'),
('14.01.04.2014', '14.01.04', 'Koto Mesjid', 'desa', NULL, '2026-06-06 10:40:20'),
('14.01.04.2016', '14.01.04', 'Pongkai Istiqomah', 'desa', NULL, '2026-06-06 10:40:20'),
('14.01.04.2017', '14.01.04', 'Binamang', 'desa', NULL, '2026-06-06 10:40:20'),
('14.01.04.2019', '14.01.04', 'Koto Tuo Barat', 'desa', NULL, '2026-06-06 10:40:20'),
('14.01.05.2001', '14.01.05', 'Kuok', 'desa', NULL, '2026-06-06 10:40:20'),
('14.01.05.2005', '14.01.05', 'Merangin', 'desa', NULL, '2026-06-06 10:40:20'),
('14.01.05.2006', '14.01.05', 'Empat Balai', 'desa', NULL, '2026-06-06 10:40:20'),
('14.01.05.2007', '14.01.05', 'Pulau Jambu', 'desa', NULL, '2026-06-06 10:40:20'),
('14.01.05.2008', '14.01.05', 'Silam', 'desa', NULL, '2026-06-06 10:40:20'),
('14.01.05.2010', '14.01.05', 'Bukit Melintang', 'desa', NULL, '2026-06-06 10:40:20'),
('14.01.05.2011', '14.01.05', 'Pulau Terap', 'desa', NULL, '2026-06-06 10:40:20'),
('14.01.05.2012', '14.01.05', 'Lereng', 'desa', NULL, '2026-06-06 10:40:20'),
('14.01.05.2013', '14.01.05', 'Batu Langka Kecil', 'desa', NULL, '2026-06-06 10:40:20'),
('14.01.06.2001', '14.01.06', 'Pangkalan Baru', 'desa', NULL, '2026-06-06 10:40:20'),
('14.01.06.2002', '14.01.06', 'Desa Baru', 'desa', NULL, '2026-06-06 10:40:20'),
('14.01.06.2003', '14.01.06', 'Teratak Buluh', 'desa', NULL, '2026-06-06 10:40:20'),
('14.01.06.2005', '14.01.06', 'Lubuk Siam', 'desa', NULL, '2026-06-06 10:40:20'),
('14.01.06.2006', '14.01.06', 'Buluh Cina', 'desa', NULL, '2026-06-06 10:40:20'),
('14.01.06.2007', '14.01.06', 'Buluh Nipis', 'desa', NULL, '2026-06-06 10:40:20'),
('14.01.06.2011', '14.01.06', 'Tanah Merah', 'desa', NULL, '2026-06-06 10:40:20'),
('14.01.06.2012', '14.01.06', 'Pandau Jaya', 'desa', NULL, '2026-06-06 10:40:20'),
('14.01.06.2013', '14.01.06', 'Tanjung Balam', 'desa', NULL, '2026-06-06 10:40:20'),
('14.01.06.2014', '14.01.06', 'Kepau Jaya', 'desa', NULL, '2026-06-06 10:40:20'),
('14.01.06.2015', '14.01.06', 'Pangkalan Serik', 'desa', NULL, '2026-06-06 10:40:20'),
('14.01.06.2016', '14.01.06', 'Kubang Jaya', 'desa', NULL, '2026-06-06 10:40:20'),
('14.01.07.1027', '14.01.07', 'Lipat Kain', 'kelurahan', NULL, '2026-06-06 10:40:20'),
('14.01.07.2003', '14.01.07', 'Kuntu', 'desa', NULL, '2026-06-06 10:40:20'),
('14.01.07.2004', '14.01.07', 'Padang Sawah', 'desa', NULL, '2026-06-06 10:40:20'),
('14.01.07.2005', '14.01.07', 'Domo', 'desa', NULL, '2026-06-06 10:40:20'),
('14.01.07.2006', '14.01.07', 'IV Koto Setingkai', 'desa', NULL, '2026-06-06 10:40:20'),
('14.01.07.2008', '14.01.07', 'Teluk Paman', 'desa', NULL, '2026-06-06 10:40:20'),
('14.01.07.2013', '14.01.07', 'Sungai Geringging', 'desa', NULL, '2026-06-06 10:40:20'),
('14.01.07.2016', '14.01.07', 'Sungai Paku', 'desa', NULL, '2026-06-06 10:40:20'),
('14.01.07.2019', '14.01.07', 'Muara Selayah', 'desa', NULL, '2026-06-06 10:40:20'),
('14.01.07.2020', '14.01.07', 'Sungai Rambai', 'desa', NULL, '2026-06-06 10:40:20'),
('14.01.07.2021', '14.01.07', 'Tanjung Harapan', 'desa', NULL, '2026-06-06 10:40:20'),
('14.01.07.2023', '14.01.07', 'Sungai Raja', 'desa', NULL, '2026-06-06 10:40:20'),
('14.01.07.2026', '14.01.07', 'Sungai Sarik', 'desa', NULL, '2026-06-06 10:40:20'),
('14.01.07.2028', '14.01.07', 'Lipat Kain Utara', 'desa', NULL, '2026-06-06 10:40:20'),
('14.01.07.2029', '14.01.07', 'Lipat Kain Selatan', 'desa', NULL, '2026-06-06 10:40:20'),
('14.01.07.2030', '14.01.07', 'Kuntu Darussalam', 'desa', NULL, '2026-06-06 10:40:20'),
('14.01.07.2031', '14.01.07', 'Tanjung Mas', 'desa', NULL, '2026-06-06 10:40:20'),
('14.01.07.2032', '14.01.07', 'Sungai Harapan', 'desa', NULL, '2026-06-06 10:40:20'),
('14.01.07.2033', '14.01.07', 'Sungai Liti', 'desa', NULL, '2026-06-06 10:40:20'),
('14.01.07.2034', '14.01.07', 'Teluk Paman Timur', 'desa', NULL, '2026-06-06 10:40:20'),
('14.01.08.1001', '14.01.08', 'Sungai Pagar', 'kelurahan', NULL, '2026-06-06 10:40:20'),
('14.01.08.2002', '14.01.08', 'Mentulik', 'desa', NULL, '2026-06-06 10:40:20'),
('14.01.08.2003', '14.01.08', 'Sungai Simpang Dua', 'desa', NULL, '2026-06-06 10:40:20'),
('14.01.08.2004', '14.01.08', 'Sungai Bungo', 'desa', NULL, '2026-06-06 10:40:20'),
('14.01.08.2005', '14.01.08', 'Rantau Kasih', 'desa', NULL, '2026-06-06 10:40:20'),
('14.01.08.2006', '14.01.08', 'Sungai Petai', 'desa', NULL, '2026-06-06 10:40:20'),
('14.01.08.2007', '14.01.08', 'Gading Permai', 'desa', NULL, '2026-06-06 10:40:20'),
('14.01.08.2008', '14.01.08', 'Bangun Sari', 'desa', NULL, '2026-06-06 10:40:20'),
('14.01.09.2001', '14.01.09', 'Gema', 'desa', NULL, '2026-06-06 10:40:20'),
('14.01.09.2002', '14.01.09', 'Tanjung Belit', 'desa', NULL, '2026-06-06 10:40:20'),
('14.01.09.2003', '14.01.09', 'Tanjung Belit Selatan', 'desa', NULL, '2026-06-06 10:40:20'),
('14.01.09.2004', '14.01.09', 'Koto Lama', 'desa', NULL, '2026-06-06 10:40:20'),
('14.01.09.2005', '14.01.09', 'Batu Sanggan', 'desa', NULL, '2026-06-06 10:40:20'),
('14.01.09.2006', '14.01.09', 'Aur Kuning', 'desa', NULL, '2026-06-06 10:40:20'),
('14.01.09.2007', '14.01.09', 'Ludai', 'desa', NULL, '2026-06-06 10:40:20'),
('14.01.09.2008', '14.01.09', 'Tanjung Karang', 'desa', NULL, '2026-06-06 10:40:20'),
('14.01.09.2009', '14.01.09', 'Batu Sasak', 'desa', NULL, '2026-06-06 10:40:20'),
('14.01.09.2010', '14.01.09', 'Pangkalan Kapas', 'desa', NULL, '2026-06-06 10:40:20'),
('14.01.09.2011', '14.01.09', 'Kebun Tinggi', 'desa', NULL, '2026-06-06 10:40:20'),
('14.01.09.2012', '14.01.09', 'Tanjung Beringin', 'desa', NULL, '2026-06-06 10:40:20'),
('14.01.09.2013', '14.01.09', 'Gajah Bertalut', 'desa', NULL, '2026-06-06 10:40:20'),
('14.01.09.2014', '14.01.09', 'Danau Sontul', 'desa', NULL, '2026-06-06 10:40:20'),
('14.01.09.2015', '14.01.09', 'Pangkalan Serai', 'desa', NULL, '2026-06-06 10:40:20'),
('14.01.09.2016', '14.01.09', 'Dua Sepakat', 'desa', NULL, '2026-06-06 10:40:20'),
('14.01.09.2017', '14.01.09', 'Terusan', 'desa', NULL, '2026-06-06 10:40:20'),
('14.01.09.2018', '14.01.09', 'Deras Tajak', 'desa', NULL, '2026-06-06 10:40:20'),
('14.01.09.2019', '14.01.09', 'Sungai Santi', 'desa', NULL, '2026-06-06 10:40:20'),
('14.01.09.2020', '14.01.09', 'Subayang Jaya', 'desa', NULL, '2026-06-06 10:40:20'),
('14.01.09.2021', '14.01.09', 'Tanjung Permai', 'desa', NULL, '2026-06-06 10:40:20'),
('14.01.09.2022', '14.01.09', 'Bukit Betung', 'desa', NULL, '2026-06-06 10:40:20'),
('14.01.09.2023', '14.01.09', 'Muaro Bio', 'desa', NULL, '2026-06-06 10:40:20'),
('14.01.09.2024', '14.01.09', 'Lubuk Bigau', 'desa', NULL, '2026-06-06 10:40:20'),
('14.01.10.2001', '14.01.10', 'Petapahan', 'desa', NULL, '2026-06-06 10:40:20'),
('14.01.10.2002', '14.01.10', 'Pantai Cermin', 'desa', NULL, '2026-06-06 10:40:20'),
('14.01.10.2003', '14.01.10', 'Petapahan Jaya', 'desa', NULL, '2026-06-06 10:40:20'),
('14.01.10.2004', '14.01.10', 'Mukti Sari', 'desa', NULL, '2026-06-06 10:40:20'),
('14.01.10.2005', '14.01.10', 'Sungai Putih', 'desa', NULL, '2026-06-06 10:40:20'),
('14.01.10.2006', '14.01.10', 'Indra Sakti', 'desa', NULL, '2026-06-06 10:40:20'),
('14.01.10.2007', '14.01.10', 'Gading Sari', 'desa', NULL, '2026-06-06 10:40:20'),
('14.01.10.2008', '14.01.10', 'Sumber Makmur', 'desa', NULL, '2026-06-06 10:40:20'),
('14.01.10.2009', '14.01.10', 'Pancuran Gading', 'desa', NULL, '2026-06-06 10:40:20'),
('14.01.10.2010', '14.01.10', 'Sari Galuh', 'desa', NULL, '2026-06-06 10:40:20'),
('14.01.10.2011', '14.01.10', 'Tri Manunggal', 'desa', NULL, '2026-06-06 10:40:20'),
('14.01.10.2012', '14.01.10', 'Air Terbit', 'desa', NULL, '2026-06-06 10:40:20'),
('14.01.10.2013', '14.01.10', 'Tanjung Sawit', 'desa', NULL, '2026-06-06 10:40:20'),
('14.01.10.2014', '14.01.10', 'Pagaruyung', 'desa', NULL, '2026-06-06 10:40:20'),
('14.01.10.2015', '14.01.10', 'Sibuak', 'desa', NULL, '2026-06-06 10:40:20'),
('14.01.10.2016', '14.01.10', 'Pelambaian', 'desa', NULL, '2026-06-06 10:40:20'),
('14.01.10.2017', '14.01.10', 'Kenantan', 'desa', NULL, '2026-06-06 10:40:20'),
('14.01.10.2018', '14.01.10', 'Indrapuri', 'desa', NULL, '2026-06-06 10:40:20'),
('14.01.10.2019', '14.01.10', 'Sungai Lambu Makmur', 'desa', NULL, '2026-06-06 10:40:20'),
('14.01.10.2020', '14.01.10', 'Muara Mahat Baru', 'desa', NULL, '2026-06-06 10:40:20'),
('14.01.10.2021', '14.01.10', 'Karya Indah', 'desa', NULL, '2026-06-06 10:40:20'),
('14.01.10.2022', '14.01.10', 'Kijang Rejo', 'desa', NULL, '2026-06-06 10:40:20'),
('14.01.10.2023', '14.01.10', 'Sungai Agung', 'desa', NULL, '2026-06-06 10:40:20'),
('14.01.10.2024', '14.01.10', 'Bencah Kelubi', 'desa', NULL, '2026-06-06 10:40:20'),
('14.01.10.2025', '14.01.10', 'Batu Gajah', 'desa', NULL, '2026-06-06 10:40:20'),
('14.01.11.2001', '14.01.11', 'Koto Garo', 'desa', NULL, '2026-06-06 10:40:20'),
('14.01.11.2002', '14.01.11', 'Sekijang', 'desa', NULL, '2026-06-06 10:40:20'),
('14.01.11.2003', '14.01.11', 'Beringin Lestari', 'desa', NULL, '2026-06-06 10:40:20'),
('14.01.11.2004', '14.01.11', 'Kota Bangun', 'desa', NULL, '2026-06-06 10:40:20'),
('14.01.11.2005', '14.01.11', 'Cinta Damai', 'desa', NULL, '2026-06-06 10:40:20'),
('14.01.11.2006', '14.01.11', 'Suka Maju', 'desa', NULL, '2026-06-06 10:40:20'),
('14.01.11.2007', '14.01.11', 'Kota Baru', 'desa', NULL, '2026-06-06 10:40:20'),
('14.01.11.2008', '14.01.11', 'Tebing Lestari', 'desa', NULL, '2026-06-06 10:40:20'),
('14.01.11.2009', '14.01.11', 'Tanah Tinggi', 'desa', NULL, '2026-06-06 10:40:20'),
('14.01.11.2010', '14.01.11', 'Koto Aman', 'desa', NULL, '2026-06-06 10:40:20'),
('14.01.11.2011', '14.01.11', 'Tapung Lestari', 'desa', NULL, '2026-06-06 10:40:20'),
('14.01.11.2012', '14.01.11', 'Tapung Makmur', 'desa', NULL, '2026-06-06 10:40:20'),
('14.01.11.2013', '14.01.11', 'Tandan Sari', 'desa', NULL, '2026-06-06 10:40:20'),
('14.01.11.2014', '14.01.11', 'Gerbang Sari', 'desa', NULL, '2026-06-06 10:40:20'),
('14.01.11.2015', '14.01.11', 'Kijang Jaya', 'desa', NULL, '2026-06-06 10:40:20'),
('14.01.11.2016', '14.01.11', 'Kijang Makmur', 'desa', NULL, '2026-06-06 10:40:20'),
('14.01.12.2001', '14.01.12', 'Senama Nenek', 'desa', NULL, '2026-06-06 10:40:20'),
('14.01.12.2002', '14.01.12', 'Kasikan', 'desa', NULL, '2026-06-06 10:40:20'),
('14.01.12.2003', '14.01.12', 'Bukit Kemuning', 'desa', NULL, '2026-06-06 10:40:20'),
('14.01.12.2004', '14.01.12', 'Danau Lancang', 'desa', NULL, '2026-06-06 10:40:20'),
('14.01.12.2005', '14.01.12', 'Muara Intan', 'desa', NULL, '2026-06-06 10:40:20'),
('14.01.12.2006', '14.01.12', 'Intan Jaya', 'desa', NULL, '2026-06-06 10:40:20'),
('14.01.12.2007', '14.01.12', 'Tanah Datar', 'desa', NULL, '2026-06-06 10:40:20'),
('14.01.12.2008', '14.01.12', 'Rimba Jaya', 'desa', NULL, '2026-06-06 10:40:20'),
('14.01.12.2009', '14.01.12', 'Rimba Makmur', 'desa', NULL, '2026-06-06 10:40:20'),
('14.01.12.2010', '14.01.12', 'Rimba Beringin', 'desa', NULL, '2026-06-06 10:40:20'),
('14.01.12.2011', '14.01.12', 'Sukaramai', 'desa', NULL, '2026-06-06 10:40:20'),
('14.01.12.2012', '14.01.12', 'Sumber Sari', 'desa', NULL, '2026-06-06 10:40:20'),
('14.01.12.2013', '14.01.12', 'Kusau Makmur', 'desa', NULL, '2026-06-06 10:40:20'),
('14.01.12.2014', '14.01.12', 'Talang Danto', 'desa', NULL, '2026-06-06 10:40:20'),
('14.01.13.2001', '14.01.13', 'Salo', 'desa', NULL, '2026-06-06 10:40:20'),
('14.01.13.2002', '14.01.13', 'Siabu', 'desa', NULL, '2026-06-06 10:40:20'),
('14.01.13.2003', '14.01.13', 'Salo Timur', 'desa', NULL, '2026-06-06 10:40:20'),
('14.01.13.2004', '14.01.13', 'Sipungguk', 'desa', NULL, '2026-06-06 10:40:20'),
('14.01.13.2005', '14.01.13', 'Ganting Damai', 'desa', NULL, '2026-06-06 10:40:20'),
('14.01.13.2006', '14.01.13', 'Ganting', 'desa', NULL, '2026-06-06 10:40:20'),
('14.01.14.2001', '14.01.14', 'Pulau Payung', 'desa', NULL, '2026-06-06 10:40:20'),
('14.01.14.2002', '14.01.14', 'Teratak', 'desa', NULL, '2026-06-06 10:40:20'),
('14.01.14.2003', '14.01.14', 'Alam Panjang', 'desa', NULL, '2026-06-06 10:40:20'),
('14.01.14.2004', '14.01.14', 'Bukit Kratai', 'desa', NULL, '2026-06-06 10:40:20'),
('14.01.14.2005', '14.01.14', 'Batang Batindih', 'desa', NULL, '2026-06-06 10:40:20'),
('14.01.14.2006', '14.01.14', 'Tambusai', 'desa', NULL, '2026-06-06 10:40:20'),
('14.01.14.2007', '14.01.14', 'Simpang Petai', 'desa', NULL, '2026-06-06 10:40:20'),
('14.01.15.1007', '14.01.15', 'Pulau', 'kelurahan', NULL, '2026-06-06 10:40:20'),
('14.01.15.1008', '14.01.15', 'Pasir Sialang', 'kelurahan', NULL, '2026-06-06 10:40:20'),
('14.01.15.2001', '14.01.15', 'Pulau Lawas', 'desa', NULL, '2026-06-06 10:40:20'),
('14.01.15.2002', '14.01.15', 'Muara Uwai', 'desa', NULL, '2026-06-06 10:40:20'),
('14.01.15.2003', '14.01.15', 'Laboy Jaya', 'desa', NULL, '2026-06-06 10:40:20'),
('14.01.15.2004', '14.01.15', 'Bukit Payung', 'desa', NULL, '2026-06-06 10:40:20'),
('14.01.15.2005', '14.01.15', 'Suka Mulya', 'desa', NULL, '2026-06-06 10:40:20'),
('14.01.15.2006', '14.01.15', 'Bukit Sembilan', 'desa', NULL, '2026-06-06 10:40:20'),
('14.01.15.2009', '14.01.15', 'Binuang', 'desa', NULL, '2026-06-06 10:40:20'),
('14.01.16.2001', '14.01.16', 'Kampung Pinang', 'desa', NULL, '2026-06-06 10:40:20'),
('14.01.16.2002', '14.01.16', 'Pantai Raja', 'desa', NULL, '2026-06-06 10:40:20'),
('14.01.16.2003', '14.01.16', 'Hangtuah', 'desa', NULL, '2026-06-06 10:40:20'),
('14.01.16.2004', '14.01.16', 'Sialang Kubang', 'desa', NULL, '2026-06-06 10:40:20'),
('14.01.16.2005', '14.01.16', 'Lubuk Sakat', 'desa', NULL, '2026-06-06 10:40:20'),
('14.01.17.2001', '14.01.17', 'Pulau Birandang', 'desa', NULL, '2026-06-06 10:40:20'),
('14.01.17.2002', '14.01.17', 'Pulau Rambai', 'desa', NULL, '2026-06-06 10:40:20'),
('14.01.17.2003', '14.01.17', 'Kampar', 'desa', NULL, '2026-06-06 10:40:20'),
('14.01.17.2004', '14.01.17', 'Koto Perambahan', 'desa', NULL, '2026-06-06 10:40:20'),
('14.01.17.2005', '14.01.17', 'Sungai Putih', 'desa', NULL, '2026-06-06 10:40:20'),
('14.01.17.2006', '14.01.17', 'Deli Makmur', 'desa', NULL, '2026-06-06 10:40:20'),
('14.01.17.2007', '14.01.17', 'Sungai Tarap', 'desa', NULL, '2026-06-06 10:40:20'),
('14.01.17.2008', '14.01.17', 'Tanjung Bungo', 'desa', NULL, '2026-06-06 10:40:20'),
('14.01.17.2009', '14.01.17', 'Sawah Baru', 'desa', NULL, '2026-06-06 10:40:20'),
('14.01.18.2001', '14.01.18', 'Muara Jalai', 'desa', NULL, '2026-06-06 10:40:20'),
('14.01.18.2002', '14.01.18', 'Sawah', 'desa', NULL, '2026-06-06 10:40:20'),
('14.01.18.2003', '14.01.18', 'Kampung Panjang', 'desa', NULL, '2026-06-06 10:40:20'),
('14.01.18.2004', '14.01.18', 'Kayu Aro', 'desa', NULL, '2026-06-06 10:40:20'),
('14.01.18.2005', '14.01.18', 'Sungai Tonang', 'desa', NULL, '2026-06-06 10:40:20'),
('14.01.18.2006', '14.01.18', 'Sungai Jalau', 'desa', NULL, '2026-06-06 10:40:20'),
('14.01.18.2007', '14.01.18', 'Sendayan', 'desa', NULL, '2026-06-06 10:40:20'),
('14.01.18.2008', '14.01.18', 'Naga Beralih', 'desa', NULL, '2026-06-06 10:40:20'),
('14.01.19.2001', '14.01.19', 'Simalinyang', 'desa', NULL, '2026-06-06 10:40:20'),
('14.01.19.2002', '14.01.19', 'Bina Baru', 'desa', NULL, '2026-06-06 10:40:20'),
('14.01.19.2003', '14.01.19', 'Hidup Baru', 'desa', NULL, '2026-06-06 10:40:20'),
('14.01.19.2004', '14.01.19', 'Karya Bakti', 'desa', NULL, '2026-06-06 10:40:20'),
('14.01.19.2005', '14.01.19', 'Lubuk Sakai', 'desa', NULL, '2026-06-06 10:40:20'),
('14.01.19.2006', '14.01.19', 'Penghidupan', 'desa', NULL, '2026-06-06 10:40:20'),
('14.01.19.2007', '14.01.19', 'Mayang Pongkai', 'desa', NULL, '2026-06-06 10:40:20'),
('14.01.19.2008', '14.01.19', 'Koto Damai', 'desa', NULL, '2026-06-06 10:40:20'),
('14.01.19.2009', '14.01.19', 'Utama Karya', 'desa', NULL, '2026-06-06 10:40:20'),
('14.01.19.2010', '14.01.19', 'Bukit Sakai', 'desa', NULL, '2026-06-06 10:40:20'),
('14.01.19.2011', '14.01.19', 'Mekar Jaya', 'desa', NULL, '2026-06-06 10:40:20'),
('14.01.20.2001', '14.01.20', 'Kebun Durian', 'desa', NULL, '2026-06-06 10:40:20'),
('14.01.20.2002', '14.01.20', 'Gunung Sahilan', 'desa', NULL, '2026-06-06 10:40:20'),
('14.01.20.2003', '14.01.20', 'Gunung Sari', 'desa', NULL, '2026-06-06 10:40:20'),
('14.01.20.2004', '14.01.20', 'Suka Makmur', 'desa', NULL, '2026-06-06 10:40:20'),
('14.01.20.2005', '14.01.20', 'Subarak', 'desa', NULL, '2026-06-06 10:40:20'),
('14.01.20.2006', '14.01.20', 'Sungai Lipai', 'desa', NULL, '2026-06-06 10:40:20'),
('14.01.20.2007', '14.01.20', 'Sahilan Darussalam', 'desa', NULL, '2026-06-06 10:40:20'),
('14.01.20.2008', '14.01.20', 'Gunung Mulya', 'desa', NULL, '2026-06-06 10:40:20'),
('14.01.20.2009', '14.01.20', 'Makmur Sejahtera', 'desa', NULL, '2026-06-06 10:40:20'),
('14.01.21.2001', '14.01.21', 'Siberuang', 'desa', NULL, '2026-06-06 10:40:20'),
('14.01.21.2002', '14.01.21', 'Bandur Picak', 'desa', NULL, '2026-06-06 10:40:20'),
('14.01.21.2003', '14.01.21', 'Gunung Malelo', 'desa', NULL, '2026-06-06 10:40:20'),
('14.01.21.2004', '14.01.21', 'Tabing', 'desa', NULL, '2026-06-06 10:40:20'),
('14.01.21.2005', '14.01.21', 'Pongkai', 'desa', NULL, '2026-06-06 10:40:20'),
('14.01.21.2006', '14.01.21', 'Tanjung', 'desa', NULL, '2026-06-06 10:40:20'),
('14.02.01.1004', '14.02.01', 'Kampung Dagang', 'kelurahan', NULL, '2026-06-06 10:40:20'),
('14.02.01.1006', '14.02.01', 'Pasar Kota', 'kelurahan', NULL, '2026-06-06 10:40:20'),
('14.02.01.1007', '14.02.01', 'Kampung Besar Kota', 'kelurahan', NULL, '2026-06-06 10:40:20'),
('14.02.01.1008', '14.02.01', 'Sekip Hulu', 'kelurahan', NULL, '2026-06-06 10:40:20'),
('14.02.01.1011', '14.02.01', 'Kampung Besar Seberang', 'kelurahan', NULL, '2026-06-06 10:40:20'),
('14.02.01.1018', '14.02.01', 'Sekip Hilir', 'kelurahan', NULL, '2026-06-06 10:40:20'),
('14.02.01.2001', '14.02.01', 'Sungai Guntung Tengah', 'desa', NULL, '2026-06-06 10:40:20'),
('14.02.01.2002', '14.02.01', 'Sungai Guntung Hilir', 'desa', NULL, '2026-06-06 10:40:20'),
('14.02.01.2003', '14.02.01', 'Kuantan Babu', 'desa', NULL, '2026-06-06 10:40:20'),
('14.02.01.2005', '14.02.01', 'Kampung Pulau', 'desa', NULL, '2026-06-06 10:40:20'),
('14.02.01.2009', '14.02.01', 'Sungai Beringin', 'desa', NULL, '2026-06-06 10:40:20'),
('14.02.01.2010', '14.02.01', 'Pasir Kemilu', 'desa', NULL, '2026-06-06 10:40:20'),
('14.02.01.2012', '14.02.01', 'Rantau Mapesai', 'desa', NULL, '2026-06-06 10:40:20'),
('14.02.01.2013', '14.02.01', 'Pulau Gajah', 'desa', NULL, '2026-06-06 10:40:20'),
('14.02.01.2014', '14.02.01', 'Sungai Raya', 'desa', NULL, '2026-06-06 10:40:20'),
('14.02.01.2023', '14.02.01', 'Rawa Bangun', 'desa', NULL, '2026-06-06 10:40:20'),
('14.02.02.1009', '14.02.02', 'Pematang Reba', 'kelurahan', NULL, '2026-06-06 10:40:20'),
('14.02.02.2001', '14.02.02', 'Barangan', 'desa', NULL, '2026-06-06 10:40:20'),
('14.02.02.2002', '14.02.02', 'Alang Kepayang', 'desa', NULL, '2026-06-06 10:40:20'),
('14.02.02.2003', '14.02.02', 'Kota Lama', 'desa', NULL, '2026-06-06 10:40:20'),
('14.02.02.2004', '14.02.02', 'Redang', 'desa', NULL, '2026-06-06 10:40:20'),
('14.02.02.2005', '14.02.02', 'Pekan Heran', 'desa', NULL, '2026-06-06 10:40:20'),
('14.02.02.2006', '14.02.02', 'Rantau Bakung', 'desa', NULL, '2026-06-06 10:40:20'),
('14.02.02.2007', '14.02.02', 'Talang Jerinjing', 'desa', NULL, '2026-06-06 10:40:20'),
('14.02.02.2008', '14.02.02', 'Sialang Dua Dahan', 'desa', NULL, '2026-06-06 10:40:20'),
('14.02.02.2010', '14.02.02', 'Sungai Dawu', 'desa', NULL, '2026-06-06 10:40:20'),
('14.02.02.2011', '14.02.02', 'Bukit Petaling', 'desa', NULL, '2026-06-06 10:40:20'),
('14.02.02.2012', '14.02.02', 'Pematang Jaya', 'desa', NULL, '2026-06-06 10:40:20'),
('14.02.02.2013', '14.02.02', 'Danau Baru', 'desa', NULL, '2026-06-06 10:40:20'),
('14.02.02.2014', '14.02.02', 'Tanah Datar', 'desa', NULL, '2026-06-06 10:40:20'),
('14.02.02.2015', '14.02.02', 'Tani Makmur', 'desa', NULL, '2026-06-06 10:40:20'),
('14.02.02.2016', '14.02.02', 'Sungai Baung', 'desa', NULL, '2026-06-06 10:40:20'),
('14.02.02.2017', '14.02.02', 'Danau Tiga', 'desa', NULL, '2026-06-06 10:40:20'),
('14.02.02.2018', '14.02.02', 'Air Jernih', 'desa', NULL, '2026-06-06 10:40:20'),
('14.02.03.1019', '14.02.03', 'Simpang Kelayang', 'kelurahan', NULL, '2026-06-06 10:40:20'),
('14.02.03.2007', '14.02.03', 'Pulau Sengkilo', 'desa', NULL, '2026-06-06 10:40:20'),
('14.02.03.2008', '14.02.03', 'Kota Medan', 'desa', NULL, '2026-06-06 10:40:20'),
('14.02.03.2009', '14.02.03', 'Simpang Kota Medan', 'desa', NULL, '2026-06-06 10:40:20'),
('14.02.03.2010', '14.02.03', 'Polak Pisang', 'desa', NULL, '2026-06-06 10:40:20'),
('14.02.03.2018', '14.02.03', 'Pelangko', 'desa', NULL, '2026-06-06 10:40:20'),
('14.02.03.2020', '14.02.03', 'Teluk Sejuah', 'desa', NULL, '2026-06-06 10:40:20'),
('14.02.03.2021', '14.02.03', 'Bongkal Malang', 'desa', NULL, '2026-06-06 10:40:20'),
('14.02.03.2022', '14.02.03', 'Dusun Tua', 'desa', NULL, '2026-06-06 10:40:20'),
('14.02.03.2024', '14.02.03', 'Sungai Banyak Ikan', 'desa', NULL, '2026-06-06 10:40:20'),
('14.02.03.2025', '14.02.03', 'Tanjung Beludu', 'desa', NULL, '2026-06-06 10:40:20'),
('14.02.03.2026', '14.02.03', 'Sungai Pasir Putih', 'desa', NULL, '2026-06-06 10:40:20'),
('14.02.03.2027', '14.02.03', 'Sungai Golang', 'desa', NULL, '2026-06-06 10:40:20'),
('14.02.03.2028', '14.02.03', 'Pasir Beringin', 'desa', NULL, '2026-06-06 10:40:20'),
('14.02.03.2029', '14.02.03', 'Sungai Kuning Benio', 'desa', NULL, '2026-06-06 10:40:20'),
('14.02.03.2030', '14.02.03', 'Bukit Selanjut', 'desa', NULL, '2026-06-06 10:40:20'),
('14.02.03.2031', '14.02.03', 'Dusun Tua Pelang', 'desa', NULL, '2026-06-06 10:40:20'),
('14.02.04.1007', '14.02.04', 'Air Molek I', 'kelurahan', NULL, '2026-06-06 10:40:20'),
('14.02.04.1020', '14.02.04', 'Kembang Harum', 'kelurahan', NULL, '2026-06-06 10:40:20'),
('14.02.04.1031', '14.02.04', 'Tanjung Gading', 'kelurahan', NULL, '2026-06-06 10:40:20'),
('14.02.04.1032', '14.02.04', 'Sekar Mawar', 'kelurahan', NULL, '2026-06-06 10:40:20'),
('14.02.04.1033', '14.02.04', 'Tanah Merah', 'kelurahan', NULL, '2026-06-06 10:40:20'),
('14.02.04.2006', '14.02.04', 'Petalongan', 'desa', NULL, '2026-06-06 10:40:20'),
('14.02.04.2008', '14.02.04', 'Air Molek II', 'desa', NULL, '2026-06-06 10:40:20'),
('14.02.04.2009', '14.02.04', 'Pasir Keranji', 'desa', NULL, '2026-06-06 10:40:20'),
('14.02.04.2016', '14.02.04', 'Jati Rejo', 'desa', NULL, '2026-06-06 10:40:20'),
('14.02.04.2017', '14.02.04', 'Batu Gajah', 'desa', NULL, '2026-06-06 10:40:20'),
('14.02.04.2018', '14.02.04', 'Candi Rejo', 'desa', NULL, '2026-06-06 10:40:20'),
('14.02.04.2019', '14.02.04', 'Lembah Dusun Gading', 'desa', NULL, '2026-06-06 10:40:20'),
('14.02.04.2030', '14.02.04', 'Serumpun Jaya', 'desa', NULL, '2026-06-06 10:40:20'),
('14.02.05.1005', '14.02.05', 'Peranap', 'kelurahan', NULL, '2026-06-06 10:40:20'),
('14.02.05.1008', '14.02.05', 'Batu Rijal Hilir', 'kelurahan', NULL, '2026-06-06 10:40:20'),
('14.02.05.2003', '14.02.05', 'Semelinang Tebing', 'desa', NULL, '2026-06-06 10:40:20'),
('14.02.05.2004', '14.02.05', 'Gumanti', 'desa', NULL, '2026-06-06 10:40:20'),
('14.02.05.2007', '14.02.05', 'Batu Rijal Hulu', 'desa', NULL, '2026-06-06 10:40:20'),
('14.02.05.2009', '14.02.05', 'Semelinang Darat', 'desa', NULL, '2026-06-06 10:40:20'),
('14.02.05.2010', '14.02.05', 'Pauh Ranap', 'desa', NULL, '2026-06-06 10:40:20'),
('14.02.05.2012', '14.02.05', 'Serai Wangi', 'desa', NULL, '2026-06-06 10:40:20'),
('14.02.05.2013', '14.02.05', 'Pandan Wangi', 'desa', NULL, '2026-06-06 10:40:20'),
('14.02.05.2017', '14.02.05', 'Katipo Pura', 'desa', NULL, '2026-06-06 10:40:20'),
('14.02.05.2019', '14.02.05', 'Batu Rijal Barat', 'desa', NULL, '2026-06-06 10:40:20'),
('14.02.05.2020', '14.02.05', 'Setako Raya', 'desa', NULL, '2026-06-06 10:40:20'),
('14.02.06.1001', '14.02.06', 'Pangkalan Kasai', 'kelurahan', NULL, '2026-06-06 10:40:20'),
('14.02.06.2002', '14.02.06', 'Kelesa', 'desa', NULL, '2026-06-06 10:40:20'),
('14.02.06.2003', '14.02.06', 'Beligan', 'desa', NULL, '2026-06-06 10:40:20'),
('14.02.06.2004', '14.02.06', 'Seresam', 'desa', NULL, '2026-06-06 10:40:20'),
('14.02.06.2005', '14.02.06', 'Paya Rumbai', 'desa', NULL, '2026-06-06 10:40:20'),
('14.02.06.2006', '14.02.06', 'Bukit Meranti', 'desa', NULL, '2026-06-06 10:40:20'),
('14.02.06.2007', '14.02.06', 'Buluh Rampai', 'desa', NULL, '2026-06-06 10:40:20'),
('14.02.06.2008', '14.02.06', 'Titian Resak', 'desa', NULL, '2026-06-06 10:40:20'),
('14.02.06.2009', '14.02.06', 'Petala Bumi', 'desa', NULL, '2026-06-06 10:40:20'),
('14.02.06.2010', '14.02.06', 'Sibabat', 'desa', NULL, '2026-06-06 10:40:20'),
('14.02.06.2011', '14.02.06', 'Bandar Padang', 'desa', NULL, '2026-06-06 10:40:20'),
('14.02.07.2002', '14.02.07', 'Anak Talang', 'desa', NULL, '2026-06-06 10:40:20'),
('14.02.07.2004', '14.02.07', 'Bukit Lingkar', 'desa', NULL, '2026-06-06 10:40:20'),
('14.02.07.2005', '14.02.07', 'Bukit Lipai', 'desa', NULL, '2026-06-06 10:40:20'),
('14.02.07.2006', '14.02.07', 'Kuala Gading', 'desa', NULL, '2026-06-06 10:40:20'),
('14.02.07.2007', '14.02.07', 'Kuala Kilan', 'desa', NULL, '2026-06-06 10:40:20'),
('14.02.07.2008', '14.02.07', 'Kerubung Jaya', 'desa', NULL, '2026-06-06 10:40:20'),
('14.02.07.2009', '14.02.07', 'Pejangki', 'desa', NULL, '2026-06-06 10:40:20'),
('14.02.07.2010', '14.02.07', 'Pematang Manggis', 'desa', NULL, '2026-06-06 10:40:20'),
('14.02.07.2011', '14.02.07', 'Sipang', 'desa', NULL, '2026-06-06 10:40:20'),
('14.02.07.2012', '14.02.07', 'Talang Bersemi', 'desa', NULL, '2026-06-06 10:40:20'),
('14.02.07.2013', '14.02.07', 'Talang Mulya', 'desa', NULL, '2026-06-06 10:40:20'),
('14.02.07.2014', '14.02.07', 'Punti Anai', 'desa', NULL, '2026-06-06 10:40:20'),
('14.02.07.2015', '14.02.07', 'Petaling Jaya', 'desa', NULL, '2026-06-06 10:40:20'),
('14.02.07.2017', '14.02.07', 'Cenaku Kecil', 'desa', NULL, '2026-06-06 10:40:20'),
('14.02.07.2018', '14.02.07', 'Alim', 'desa', NULL, '2026-06-06 10:40:20'),
('14.02.07.2019', '14.02.07', 'Aur Cina', 'desa', NULL, '2026-06-06 10:40:20'),
('14.02.07.2020', '14.02.07', 'Lahai Kemuning', 'desa', NULL, '2026-06-06 10:40:20'),
('14.02.07.2021', '14.02.07', 'Kepayang Sari', 'desa', NULL, '2026-06-06 10:40:20'),
('14.02.07.2022', '14.02.07', 'Batu Papan', 'desa', NULL, '2026-06-06 10:40:20'),
('14.02.07.2023', '14.02.07', 'Sanglap', 'desa', NULL, '2026-06-06 10:40:20'),
('14.02.08.2001', '14.02.08', 'Siambul', 'desa', NULL, '2026-06-06 10:40:20'),
('14.02.08.2002', '14.02.08', 'Rantau Langsat', 'desa', NULL, '2026-06-06 10:40:20'),
('14.02.08.2003', '14.02.08', 'Sungai Akar', 'desa', NULL, '2026-06-06 10:40:20'),
('14.02.08.2004', '14.02.08', 'Usul', 'desa', NULL, '2026-06-06 10:40:20'),
('14.02.08.2005', '14.02.08', 'Seberida', 'desa', NULL, '2026-06-06 10:40:20'),
('14.02.08.2006', '14.02.08', 'Talang Lakat', 'desa', NULL, '2026-06-06 10:40:20'),
('14.02.08.2007', '14.02.08', 'Belimbing', 'desa', NULL, '2026-06-06 10:40:20'),
('14.02.08.2008', '14.02.08', 'Ringin', 'desa', NULL, '2026-06-06 10:40:20'),
('14.02.08.2010', '14.02.08', 'Penyaguan', 'desa', NULL, '2026-06-06 10:40:20'),
('14.02.08.2011', '14.02.08', 'Danau Rambai', 'desa', NULL, '2026-06-06 10:40:20'),
('14.02.09.2001', '14.02.09', 'Japura', 'desa', NULL, '2026-06-06 10:40:20'),
('14.02.09.2002', '14.02.09', 'Sidomulyo', 'desa', NULL, '2026-06-06 10:40:20'),
('14.02.09.2003', '14.02.09', 'Pasir Ringgit', 'desa', NULL, '2026-06-06 10:40:20'),
('14.02.09.2004', '14.02.09', 'Gudang Batu', 'desa', NULL, '2026-06-06 10:40:20'),
('14.02.09.2005', '14.02.09', 'Sungai Sagu', 'desa', NULL, '2026-06-06 10:40:20'),
('14.02.09.2006', '14.02.09', 'Lirik Area', 'desa', NULL, '2026-06-06 10:40:20'),
('14.02.09.2007', '14.02.09', 'Rejosari', 'desa', NULL, '2026-06-06 10:40:20'),
('14.02.09.2008', '14.02.09', 'Lambang Sari V', 'desa', NULL, '2026-06-06 10:40:20'),
('14.02.09.2009', '14.02.09', 'Lambang Sari IV', 'desa', NULL, '2026-06-06 10:40:20'),
('14.02.09.2010', '14.02.09', 'Lambang Sari I, II, III', 'desa', NULL, '2026-06-06 10:40:20'),
('14.02.09.2011', '14.02.09', 'Wonosari', 'desa', NULL, '2026-06-06 10:40:20'),
('14.02.09.2012', '14.02.09', 'Seko Lubuk Tigo', 'desa', NULL, '2026-06-06 10:40:20'),
('14.02.09.2013', '14.02.09', 'Banjar Balam', 'desa', NULL, '2026-06-06 10:40:20'),
('14.02.09.2014', '14.02.09', 'Redang Seko', 'desa', NULL, '2026-06-06 10:40:20'),
('14.02.09.2015', '14.02.09', 'Sukajadi', 'desa', NULL, '2026-06-06 10:40:20'),
('14.02.09.2016', '14.02.09', 'Mekar Sari', 'desa', NULL, '2026-06-06 10:40:20'),
('14.02.09.2017', '14.02.09', 'Pasir Sialang Jaya', 'desa', NULL, '2026-06-06 10:40:20'),
('14.02.10.2001', '14.02.10', 'Tambak', 'desa', NULL, '2026-06-06 10:40:20'),
('14.02.10.2002', '14.02.10', 'Kuala Cenaku', 'desa', NULL, '2026-06-06 10:40:20'),
('14.02.10.2003', '14.02.10', 'Pulau Gelang', 'desa', NULL, '2026-06-06 10:40:20'),
('14.02.10.2004', '14.02.10', 'Kuala Mulya', 'desa', NULL, '2026-06-06 10:40:20'),
('14.02.10.2005', '14.02.10', 'Tanjung Sari', 'desa', NULL, '2026-06-06 10:40:20'),
('14.02.10.2006', '14.02.10', 'Rawa Sekip', 'desa', NULL, '2026-06-06 10:40:20'),
('14.02.10.2007', '14.02.10', 'Rawa Asri', 'desa', NULL, '2026-06-06 10:40:20'),
('14.02.10.2008', '14.02.10', 'Suka Jadi', 'desa', NULL, '2026-06-06 10:40:20'),
('14.02.10.2009', '14.02.10', 'Teluk Sungkai', 'desa', NULL, '2026-06-06 10:40:20'),
('14.02.10.2010', '14.02.10', 'Pulau Jum\'at', 'desa', NULL, '2026-06-06 10:40:20'),
('14.02.11.2001', '14.02.11', 'Morong', 'desa', NULL, '2026-06-06 10:40:20'),
('14.02.11.2002', '14.02.11', 'Pasir Bongkal', 'desa', NULL, '2026-06-06 10:40:20'),
('14.02.11.2003', '14.02.11', 'Pasir Selabau', 'desa', NULL, '2026-06-06 10:40:20'),
('14.02.11.2004', '14.02.11', 'Pasir Batu Mandi', 'desa', NULL, '2026-06-06 10:40:20'),
('14.02.11.2005', '14.02.11', 'Pasir Kelampaian', 'desa', NULL, '2026-06-06 10:40:20'),
('14.02.11.2006', '14.02.11', 'Kuala Lala', 'desa', NULL, '2026-06-06 10:40:20'),
('14.02.11.2007', '14.02.11', 'Sungai Lala', 'desa', NULL, '2026-06-06 10:40:20'),
('14.02.11.2008', '14.02.11', 'Kelawat', 'desa', NULL, '2026-06-06 10:40:20'),
('14.02.11.2009', '14.02.11', 'Perkebunan Sungai Parit', 'desa', NULL, '2026-06-06 10:40:20'),
('14.02.11.2010', '14.02.11', 'Perkebunan Sungai Lala', 'desa', NULL, '2026-06-06 10:40:20'),
('14.02.11.2011', '14.02.11', 'Tanjung Danau', 'desa', NULL, '2026-06-06 10:40:20'),
('14.02.11.2012', '14.02.11', 'Sungai Air Putih', 'desa', NULL, '2026-06-06 10:40:20'),
('14.02.12.2001', '14.02.12', 'Rimpian', 'desa', NULL, '2026-06-06 10:40:20'),
('14.02.12.2002', '14.02.12', 'Pondok Gelugur', 'desa', NULL, '2026-06-06 10:40:20'),
('14.02.12.2003', '14.02.12', 'Lubuk Batu Tinggal', 'desa', NULL, '2026-06-06 10:40:20'),
('14.02.12.2004', '14.02.12', 'Sungai Beras Hilir', 'desa', NULL, '2026-06-06 10:40:20'),
('14.02.12.2005', '14.02.12', 'Kulim Jaya', 'desa', NULL, '2026-06-06 10:40:20'),
('14.02.12.2006', '14.02.12', 'Sungai Beras Beras', 'desa', NULL, '2026-06-06 10:40:20'),
('14.02.12.2007', '14.02.12', 'Tasik Juang', 'desa', NULL, '2026-06-06 10:40:20'),
('14.02.12.2008', '14.02.12', 'Pontian Mekar', 'desa', NULL, '2026-06-06 10:40:20'),
('14.02.12.2009', '14.02.12', 'Air Putih', 'desa', NULL, '2026-06-06 10:40:20'),
('14.02.13.2001', '14.02.13', 'Talang Tujuh Buah Tangga', 'desa', NULL, '2026-06-06 10:40:20'),
('14.02.13.2002', '14.02.13', 'Talang Durian Cacar', 'desa', NULL, '2026-06-06 10:40:20'),
('14.02.13.2003', '14.02.13', 'Talang Selantai', 'desa', NULL, '2026-06-06 10:40:20'),
('14.02.13.2004', '14.02.13', 'Talang Perigi', 'desa', NULL, '2026-06-06 10:40:20'),
('14.02.13.2005', '14.02.13', 'Kuantan Tenang', 'desa', NULL, '2026-06-06 10:40:20'),
('14.02.13.2006', '14.02.13', 'Kota Baru', 'desa', NULL, '2026-06-06 10:40:20'),
('14.02.13.2007', '14.02.13', 'Rimba Seminai', 'desa', NULL, '2026-06-06 10:40:20'),
('14.02.13.2008', '14.02.13', 'Kelayang', 'desa', NULL, '2026-06-06 10:40:20'),
('14.02.13.2009', '14.02.13', 'Talang Gedabu', 'desa', NULL, '2026-06-06 10:40:20'),
('14.02.13.2010', '14.02.13', 'Talang Sungai Limau', 'desa', NULL, '2026-06-06 10:40:20'),
('14.02.13.2011', '14.02.13', 'Talang Sungai Parit', 'desa', NULL, '2026-06-06 10:40:20'),
('14.02.13.2012', '14.02.13', 'Batu Sawar', 'desa', NULL, '2026-06-06 10:40:20'),
('14.02.13.2013', '14.02.13', 'Petonggan', 'desa', NULL, '2026-06-06 10:40:20'),
('14.02.13.2014', '14.02.13', 'Lubuk Sitarak', 'desa', NULL, '2026-06-06 10:40:20'),
('14.02.13.2015', '14.02.13', 'Bukit Indah', 'desa', NULL, '2026-06-06 10:40:20'),
('14.02.13.2016', '14.02.13', 'Sungai Ekok', 'desa', NULL, '2026-06-06 10:40:20'),
('14.02.13.2017', '14.02.13', 'Talang Suka Maju', 'desa', NULL, '2026-06-06 10:40:20'),
('14.02.13.2018', '14.02.13', 'Kampung Bunga', 'desa', NULL, '2026-06-06 10:40:20'),
('14.02.13.2019', '14.02.13', 'Talang Pring Jaya', 'desa', NULL, '2026-06-06 10:40:20'),
('14.02.14.2001', '14.02.14', 'Pesajian', 'desa', NULL, '2026-06-06 10:40:20'),
('14.02.14.2002', '14.02.14', 'Punti Kayu', 'desa', NULL, '2026-06-06 10:40:20'),
('14.02.14.2003', '14.02.14', 'Pematang', 'desa', NULL, '2026-06-06 10:40:20'),
('14.02.14.2004', '14.02.14', 'Selunak', 'desa', NULL, '2026-06-06 10:40:20'),
('14.02.14.2005', '14.02.14', 'Suka Maju', 'desa', NULL, '2026-06-06 10:40:20'),
('14.02.14.2006', '14.02.14', 'Pematang Benteng', 'desa', NULL, '2026-06-06 10:40:20'),
('14.02.14.2007', '14.02.14', 'Sencano Jaya', 'desa', NULL, '2026-06-06 10:40:20'),
('14.02.14.2008', '14.02.14', 'Sungai Aur', 'desa', NULL, '2026-06-06 10:40:20'),
('14.02.14.2009', '14.02.14', 'Peladangan', 'desa', NULL, '2026-06-06 10:40:20'),
('14.02.14.2010', '14.02.14', 'Koto Tuo', 'desa', NULL, '2026-06-06 10:40:20'),
('14.03.01.1001', '14.03.01', 'Bengkalis Kota', 'kelurahan', NULL, '2026-06-06 10:40:20'),
('14.03.01.1002', '14.03.01', 'Damon', 'kelurahan', NULL, '2026-06-06 10:40:20'),
('14.03.01.1003', '14.03.01', 'Rimba Sekampung', 'kelurahan', NULL, '2026-06-06 10:40:20'),
('14.03.01.2004', '14.03.01', 'Kelapapati', 'desa', NULL, '2026-06-06 10:40:20'),
('14.03.01.2005', '14.03.01', 'Pedekik', 'desa', NULL, '2026-06-06 10:40:20'),
('14.03.01.2006', '14.03.01', 'Pangkalan Batang', 'desa', NULL, '2026-06-06 10:40:20'),
('14.03.01.2007', '14.03.01', 'Sebauk', 'desa', NULL, '2026-06-06 10:40:20'),
('14.03.01.2008', '14.03.01', 'Teluk Latak', 'desa', NULL, '2026-06-06 10:40:20'),
('14.03.01.2009', '14.03.01', 'Meskom', 'desa', NULL, '2026-06-06 10:40:20'),
('14.03.01.2010', '14.03.01', 'Senggoro', 'desa', NULL, '2026-06-06 10:40:20'),
('14.03.01.2011', '14.03.01', 'Air Putih', 'desa', NULL, '2026-06-06 10:40:20'),
('14.03.01.2012', '14.03.01', 'Sungai Alam', 'desa', NULL, '2026-06-06 10:40:20'),
('14.03.01.2013', '14.03.01', 'Penampi', 'desa', NULL, '2026-06-06 10:40:20'),
('14.03.01.2014', '14.03.01', 'Temeran', 'desa', NULL, '2026-06-06 10:40:20'),
('14.03.01.2015', '14.03.01', 'Penebal', 'desa', NULL, '2026-06-06 10:40:20'),
('14.03.01.2016', '14.03.01', 'Pematang Duku', 'desa', NULL, '2026-06-06 10:40:20'),
('14.03.01.2017', '14.03.01', 'Ketam Putih', 'desa', NULL, '2026-06-06 10:40:20'),
('14.03.01.2018', '14.03.01', 'Kelemantan', 'desa', NULL, '2026-06-06 10:40:20'),
('14.03.01.2019', '14.03.01', 'Sekodi', 'desa', NULL, '2026-06-06 10:40:20'),
('14.03.01.2020', '14.03.01', 'Wonosari', 'desa', NULL, '2026-06-06 10:40:20'),
('14.03.01.2021', '14.03.01', 'Kuala Alam', 'desa', NULL, '2026-06-06 10:40:20'),
('14.03.01.2022', '14.03.01', 'Kelebuk', 'desa', NULL, '2026-06-06 10:40:20'),
('14.03.01.2023', '14.03.01', 'Palkun', 'desa', NULL, '2026-06-06 10:40:20'),
('14.03.01.2024', '14.03.01', 'Sungai Batang', 'desa', NULL, '2026-06-06 10:40:20'),
('14.03.01.2025', '14.03.01', 'Prapat Tunggal', 'desa', NULL, '2026-06-06 10:40:20'),
('14.03.01.2026', '14.03.01', 'Simpang Ayam', 'desa', NULL, '2026-06-06 10:40:20'),
('14.03.01.2027', '14.03.01', 'Senderak', 'desa', NULL, '2026-06-06 10:40:20'),
('14.03.01.2028', '14.03.01', 'Kelemantan Barat', 'desa', NULL, '2026-06-06 10:40:20'),
('14.03.01.2029', '14.03.01', 'Damai', 'desa', NULL, '2026-06-06 10:40:20'),
('14.03.01.2030', '14.03.01', 'Pangkalan Batang Barat', 'desa', NULL, '2026-06-06 10:40:20'),
('14.03.01.2031', '14.03.01', 'Pematang Duku Timur', 'desa', NULL, '2026-06-06 10:40:20'),
('14.03.02.2001', '14.03.02', 'Bantan Tengah', 'desa', NULL, '2026-06-06 10:40:20'),
('14.03.02.2002', '14.03.02', 'Bantan Air', 'desa', NULL, '2026-06-06 10:40:20'),
('14.03.02.2003', '14.03.02', 'Bantan Tua', 'desa', NULL, '2026-06-06 10:40:20'),
('14.03.02.2004', '14.03.02', 'Teluk Pambang', 'desa', NULL, '2026-06-06 10:40:20'),
('14.03.02.2005', '14.03.02', 'Selat Baru', 'desa', NULL, '2026-06-06 10:40:20'),
('14.03.02.2006', '14.03.02', 'Teluk Lancar', 'desa', NULL, '2026-06-06 10:40:20'),
('14.03.02.2007', '14.03.02', 'Kembung Luar', 'desa', NULL, '2026-06-06 10:40:20'),
('14.03.02.2008', '14.03.02', 'Jangkang', 'desa', NULL, '2026-06-06 10:40:20'),
('14.03.02.2009', '14.03.02', 'Muntai', 'desa', NULL, '2026-06-06 10:40:20'),
('14.03.02.2010', '14.03.02', 'Resam Lapis', 'desa', NULL, '2026-06-06 10:40:20'),
('14.03.02.2011', '14.03.02', 'Berancah', 'desa', NULL, '2026-06-06 10:40:20'),
('14.03.02.2012', '14.03.02', 'Ulu Pulau', 'desa', NULL, '2026-06-06 10:40:20'),
('14.03.02.2013', '14.03.02', 'Mentayan', 'desa', NULL, '2026-06-06 10:40:20'),
('14.03.02.2014', '14.03.02', 'Pambang Pesisir', 'desa', NULL, '2026-06-06 10:40:20'),
('14.03.02.2015', '14.03.02', 'Sukamaju', 'desa', NULL, '2026-06-06 10:40:20'),
('14.03.02.2016', '14.03.02', 'Pambang Baru', 'desa', NULL, '2026-06-06 10:40:20'),
('14.03.02.2017', '14.03.02', 'Kembung Baru', 'desa', NULL, '2026-06-06 10:40:20'),
('14.03.02.2018', '14.03.02', 'Pasiran', 'desa', NULL, '2026-06-06 10:40:20'),
('14.03.02.2019', '14.03.02', 'Bantan Sari', 'desa', NULL, '2026-06-06 10:40:20'),
('14.03.02.2020', '14.03.02', 'Bantan Timur', 'desa', NULL, '2026-06-06 10:40:20'),
('14.03.02.2021', '14.03.02', 'Teluk Papal', 'desa', NULL, '2026-06-06 10:40:20'),
('14.03.02.2022', '14.03.02', 'Muntai Barat', 'desa', NULL, '2026-06-06 10:40:20'),
('14.03.02.2023', '14.03.02', 'Deluk', 'desa', NULL, '2026-06-06 10:40:20'),
('14.03.03.1010', '14.03.03', 'Sungai Pakning', 'kelurahan', NULL, '2026-06-06 10:40:20'),
('14.03.03.2001', '14.03.03', 'Sejangat', 'desa', NULL, '2026-06-06 10:40:20'),
('14.03.03.2002', '14.03.03', 'Dompas', 'desa', NULL, '2026-06-06 10:40:20'),
('14.03.03.2003', '14.03.03', 'Pangkalan Jambi', 'desa', NULL, '2026-06-06 10:40:20'),
('14.03.03.2004', '14.03.03', 'Sungai Selari', 'desa', NULL, '2026-06-06 10:40:20'),
('14.03.03.2005', '14.03.03', 'Buruk Bakul', 'desa', NULL, '2026-06-06 10:40:20'),
('14.03.03.2006', '14.03.03', 'Bukit Batu', 'desa', NULL, '2026-06-06 10:40:20'),
('14.03.03.2007', '14.03.03', 'Sukajadi', 'desa', NULL, '2026-06-06 10:40:20'),
('14.03.03.2016', '14.03.03', 'Batang Duku', 'desa', NULL, '2026-06-06 10:40:20'),
('14.03.03.2017', '14.03.03', 'Pakning Asal', 'desa', NULL, '2026-06-06 10:40:20'),
('14.03.09.1001', '14.03.09', 'Air Jamban', 'kelurahan', NULL, '2026-06-06 10:40:20'),
('14.03.09.1002', '14.03.09', 'Babussalam', 'kelurahan', NULL, '2026-06-06 10:40:20'),
('14.03.09.1003', '14.03.09', 'Batang Serosa', 'kelurahan', NULL, '2026-06-06 10:40:20'),
('14.03.09.1004', '14.03.09', 'Balik Alam', 'kelurahan', NULL, '2026-06-06 10:40:20'),
('14.03.09.1006', '14.03.09', 'Duri Barat', 'kelurahan', NULL, '2026-06-06 10:40:20'),
('14.03.09.1007', '14.03.09', 'Duri Timur', 'kelurahan', NULL, '2026-06-06 10:40:20'),
('14.03.09.1008', '14.03.09', 'Gajah Sakti', 'kelurahan', NULL, '2026-06-06 10:40:20'),
('14.03.09.1009', '14.03.09', 'Talang Mandi', 'kelurahan', NULL, '2026-06-06 10:40:20'),
('14.03.09.1010', '14.03.09', 'Pematang Pudu', 'kelurahan', NULL, '2026-06-06 10:40:20'),
('14.03.09.2011', '14.03.09', 'Harapan Baru', 'desa', NULL, '2026-06-06 10:40:20'),
('14.03.09.2021', '14.03.09', 'Bathin Betuah', 'desa', NULL, '2026-06-06 10:40:20'),
('14.03.10.1001', '14.03.10', 'Batu Panjang', 'kelurahan', NULL, '2026-06-06 10:40:20'),
('14.03.10.1002', '14.03.10', 'Pergam', 'kelurahan', NULL, '2026-06-06 10:40:20'),
('14.03.10.1003', '14.03.10', 'Terkul', 'kelurahan', NULL, '2026-06-06 10:40:20'),
('14.03.10.1004', '14.03.10', 'Tanjung Kapal', 'kelurahan', NULL, '2026-06-06 10:40:20'),
('14.03.10.2005', '14.03.10', 'Sungai Cingam', 'desa', NULL, '2026-06-06 10:40:20'),
('14.03.10.2006', '14.03.10', 'Teluk Lecah', 'desa', NULL, '2026-06-06 10:40:20'),
('14.03.10.2007', '14.03.10', 'Makeruh', 'desa', NULL, '2026-06-06 10:40:20'),
('14.03.10.2008', '14.03.10', 'Hutan Panjang', 'desa', NULL, '2026-06-06 10:40:20'),
('14.03.10.2009', '14.03.10', 'Pangkalan Nyirih', 'desa', NULL, '2026-06-06 10:40:20'),
('14.03.10.2010', '14.03.10', 'Sukarjo Mesim', 'desa', NULL, '2026-06-06 10:40:20'),
('14.03.10.2011', '14.03.10', 'Darul Aman', 'desa', NULL, '2026-06-06 10:40:20'),
('14.03.10.2012', '14.03.10', 'Parit Kebumen', 'desa', NULL, '2026-06-06 10:40:20'),
('14.03.10.2013', '14.03.10', 'Sri Tanjung', 'desa', NULL, '2026-06-06 10:40:20'),
('14.03.10.2014', '14.03.10', 'Pancur Jaya', 'desa', NULL, '2026-06-06 10:40:20'),
('14.03.10.2015', '14.03.10', 'Pangkalan Pinang', 'desa', NULL, '2026-06-06 10:40:20'),
('14.03.10.2016', '14.03.10', 'Dungun Baru', 'desa', NULL, '2026-06-06 10:40:20'),
('14.03.11.2001', '14.03.11', 'Tanjung Medang', 'desa', NULL, '2026-06-06 10:40:20'),
('14.03.11.2002', '14.03.11', 'Teluk Rhu', 'desa', NULL, '2026-06-06 10:40:20'),
('14.03.11.2003', '14.03.11', 'Tanjung Punak', 'desa', NULL, '2026-06-06 10:40:20'),
('14.03.11.2004', '14.03.11', 'Kadur', 'desa', NULL, '2026-06-06 10:40:20'),
('14.03.11.2005', '14.03.11', 'Titi Akar', 'desa', NULL, '2026-06-06 10:40:20'),
('14.03.11.2006', '14.03.11', 'Hutan Ayu', 'desa', NULL, '2026-06-06 10:40:20'),
('14.03.11.2007', '14.03.11', 'Suka Damai', 'desa', NULL, '2026-06-06 10:40:20'),
('14.03.11.2008', '14.03.11', 'Puteri Sembilan', 'desa', NULL, '2026-06-06 10:40:20'),
('14.03.12.2001', '14.03.12', 'Lubuk Muda', 'desa', NULL, '2026-06-06 10:40:20'),
('14.03.12.2002', '14.03.12', 'Tanjung Belit', 'desa', NULL, '2026-06-06 10:40:20'),
('14.03.12.2003', '14.03.12', 'Sungai Siput', 'desa', NULL, '2026-06-06 10:40:20'),
('14.03.12.2004', '14.03.12', 'Sepotong', 'desa', NULL, '2026-06-06 10:40:20'),
('14.03.12.2005', '14.03.12', 'Lubuk Gaung', 'desa', NULL, '2026-06-06 10:40:20'),
('14.03.12.2006', '14.03.12', 'Langkat', 'desa', NULL, '2026-06-06 10:40:20'),
('14.03.12.2007', '14.03.12', 'Sadar Jaya', 'desa', NULL, '2026-06-06 10:40:20'),
('14.03.12.2008', '14.03.12', 'Sungai Linau', 'desa', NULL, '2026-06-06 10:40:20'),
('14.03.12.2009', '14.03.12', 'Bandar Jaya', 'desa', NULL, '2026-06-06 10:40:20'),
('14.03.12.2010', '14.03.12', 'Muara Dua', 'desa', NULL, '2026-06-06 10:40:20'),
('14.03.12.2011', '14.03.12', 'Tanjung Damai', 'desa', NULL, '2026-06-06 10:40:20'),
('14.03.12.2012', '14.03.12', 'Sumber Jaya', 'desa', NULL, '2026-06-06 10:40:20'),
('14.03.12.2013', '14.03.12', 'Lubuk Garam', 'desa', NULL, '2026-06-06 10:40:20'),
('14.03.12.2014', '14.03.12', 'Liang Banir', 'desa', NULL, '2026-06-06 10:40:20'),
('14.03.12.2015', '14.03.12', 'Tanjung Datuk', 'desa', NULL, '2026-06-06 10:40:20'),
('14.03.12.2016', '14.03.12', 'Koto Raja', 'desa', NULL, '2026-06-06 10:40:20'),
('14.03.12.2017', '14.03.12', 'Sungai Nibung', 'desa', NULL, '2026-06-06 10:40:20'),
('14.03.13.1001', '14.03.13', 'Titian Antui', 'kelurahan', NULL, '2026-06-06 10:40:20'),
('14.03.13.1012', '14.03.13', 'Balai Raja', 'kelurahan', NULL, '2026-06-06 10:40:20'),
('14.03.13.2003', '14.03.13', 'Balai Pungut', 'desa', NULL, '2026-06-06 10:40:20'),
('14.03.13.2005', '14.03.13', 'Muara Basung', 'desa', NULL, '2026-06-06 10:40:20'),
('14.03.13.2007', '14.03.13', 'Pinggir', 'desa', NULL, '2026-06-06 10:40:20'),
('14.03.13.2008', '14.03.13', 'Semunai', 'desa', NULL, '2026-06-06 10:40:20'),
('14.03.13.2011', '14.03.13', 'Tengganau', 'desa', NULL, '2026-06-06 10:40:20'),
('14.03.13.2014', '14.03.13', 'Sungai Meranti', 'desa', NULL, '2026-06-06 10:40:20'),
('14.03.13.2015', '14.03.13', 'Pangkalan Libut', 'desa', NULL, '2026-06-06 10:40:20'),
('14.03.13.2016', '14.03.13', 'Buluh Apo', 'desa', NULL, '2026-06-06 10:40:20'),
('14.03.14.2001', '14.03.14', 'Parit I Api-Api', 'desa', NULL, '2026-06-06 10:40:20'),
('14.03.14.2002', '14.03.14', 'Temiang', 'desa', NULL, '2026-06-06 10:40:20'),
('14.03.14.2003', '14.03.14', 'Api-Api', 'desa', NULL, '2026-06-06 10:40:20'),
('14.03.14.2004', '14.03.14', 'Tenggayun', 'desa', NULL, '2026-06-06 10:40:20'),
('14.03.14.2005', '14.03.14', 'Sepahat', 'desa', NULL, '2026-06-06 10:40:20'),
('14.03.14.2006', '14.03.14', 'Bukit Kerikil', 'desa', NULL, '2026-06-06 10:40:20'),
('14.03.14.2007', '14.03.14', 'Tanjung Leban', 'desa', NULL, '2026-06-06 10:40:20'),
('14.03.15.2001', '14.03.15', 'Tasik Serai', 'desa', NULL, '2026-06-06 10:40:20'),
('14.03.15.2002', '14.03.15', 'Tasik Serai Barat', 'desa', NULL, '2026-06-06 10:40:20'),
('14.03.15.2003', '14.03.15', 'Kualo Penaso', 'desa', NULL, '2026-06-06 10:40:20'),
('14.03.15.2004', '14.03.15', 'Beringin', 'desa', NULL, '2026-06-06 10:40:20'),
('14.03.15.2005', '14.03.15', 'Koto Pait Beringin', 'desa', NULL, '2026-06-06 10:40:20'),
('14.03.15.2006', '14.03.15', 'Melibur', 'desa', NULL, '2026-06-06 10:40:20'),
('14.03.15.2007', '14.03.15', 'Tasik Serai Timur', 'desa', NULL, '2026-06-06 10:40:20'),
('14.03.15.2008', '14.03.15', 'Tasik Tebing Serai', 'desa', NULL, '2026-06-06 10:40:20'),
('14.03.15.2009', '14.03.15', 'Serai Wangi', 'desa', NULL, '2026-06-06 10:40:20'),
('14.03.16.2001', '14.03.16', 'Petani', 'desa', NULL, '2026-06-06 10:40:20'),
('14.03.16.2002', '14.03.16', 'Air Kulim', 'desa', NULL, '2026-06-06 10:40:20'),
('14.03.16.2003', '14.03.16', 'Buluh Manis', 'desa', NULL, '2026-06-06 10:40:20'),
('14.03.16.2004', '14.03.16', 'Bumbung', 'desa', NULL, '2026-06-06 10:40:20'),
('14.03.16.2005', '14.03.16', 'Pamesi', 'desa', NULL, '2026-06-06 10:40:20'),
('14.03.16.2006', '14.03.16', 'Kesumbo Ampai', 'desa', NULL, '2026-06-06 10:40:20'),
('14.03.16.2007', '14.03.16', 'Bathin Sobanga', 'desa', NULL, '2026-06-06 10:40:20'),
('14.03.16.2008', '14.03.16', 'Sebangar', 'desa', NULL, '2026-06-06 10:40:20'),
('14.03.16.2009', '14.03.16', 'Boncah Mahang', 'desa', NULL, '2026-06-06 10:40:20'),
('14.03.16.2010', '14.03.16', 'Balai Makam', 'desa', NULL, '2026-06-06 10:40:20'),
('14.03.16.2011', '14.03.16', 'Tambusai Batang Dui', 'desa', NULL, '2026-06-06 10:40:20'),
('14.03.16.2012', '14.03.16', 'Simpang Padang', 'desa', NULL, '2026-06-06 10:40:20'),
('14.03.16.2013', '14.03.16', 'Pematang Obo', 'desa', NULL, '2026-06-06 10:40:20'),
('14.04.01.1001', '14.04.01', 'Pulaukijang', 'kelurahan', NULL, '2026-06-06 10:40:20'),
('14.04.01.1017', '14.04.01', 'Metro', 'kelurahan', NULL, '2026-06-06 10:40:20'),
('14.04.01.1018', '14.04.01', 'Madani', 'kelurahan', NULL, '2026-06-06 10:40:20'),
('14.04.01.2002', '14.04.01', 'Sanglar', 'desa', NULL, '2026-06-06 10:40:20'),
('14.04.01.2003', '14.04.01', 'Pulaukecil', 'desa', NULL, '2026-06-06 10:40:20'),
('14.04.01.2004', '14.04.01', 'Sungaiterap', 'desa', NULL, '2026-06-06 10:40:20'),
('14.04.01.2009', '14.04.01', 'Sungaiundan', 'desa', NULL, '2026-06-06 10:40:20'),
('14.04.01.2010', '14.04.01', 'Seberang Sanglar', 'desa', NULL, '2026-06-06 10:40:20'),
('14.04.01.2011', '14.04.01', 'Mekar Sari', 'desa', NULL, '2026-06-06 10:40:20'),
('14.04.01.2012', '14.04.01', 'Seberang Pulau Kijang', 'desa', NULL, '2026-06-06 10:40:20'),
('14.04.01.2013', '14.04.01', 'Sungaiasam', 'desa', NULL, '2026-06-06 10:40:20');
INSERT INTO `kelurahan` (`id_kelurahan`, `id_kecamatan`, `nama`, `jenis`, `kode_pos`, `created_at`) VALUES
('14.04.01.2014', '14.04.01', 'Pulauruku', 'desa', NULL, '2026-06-06 10:40:20'),
('14.04.01.2019', '14.04.01', 'Tanjunglabuh', 'desa', NULL, '2026-06-06 10:40:20'),
('14.04.01.2020', '14.04.01', 'Sungaimahang', 'desa', NULL, '2026-06-06 10:40:20'),
('14.04.02.1001', '14.04.02', 'Enok', 'kelurahan', NULL, '2026-06-06 10:40:20'),
('14.04.02.1002', '14.04.02', 'Pusaran', 'kelurahan', NULL, '2026-06-06 10:40:20'),
('14.04.02.1003', '14.04.02', 'Telukmedan', 'kelurahan', NULL, '2026-06-06 10:40:20'),
('14.04.02.1013', '14.04.02', 'Pantaiseberang Makmur', 'kelurahan', NULL, '2026-06-06 10:40:20'),
('14.04.02.2004', '14.04.02', 'Pengalihan', 'desa', NULL, '2026-06-06 10:40:20'),
('14.04.02.2005', '14.04.02', 'Sungaiambat', 'desa', NULL, '2026-06-06 10:40:20'),
('14.04.02.2006', '14.04.02', 'Simpang Tiga', 'desa', NULL, '2026-06-06 10:40:20'),
('14.04.02.2007', '14.04.02', 'Rantau Panjang', 'desa', NULL, '2026-06-06 10:40:20'),
('14.04.02.2008', '14.04.02', 'Sungairukam', 'desa', NULL, '2026-06-06 10:40:20'),
('14.04.02.2009', '14.04.02', 'Bagan Jaya', 'desa', NULL, '2026-06-06 10:40:20'),
('14.04.02.2010', '14.04.02', 'Suhada', 'desa', NULL, '2026-06-06 10:40:20'),
('14.04.02.2011', '14.04.02', 'Jaya Bhakti', 'desa', NULL, '2026-06-06 10:40:20'),
('14.04.02.2012', '14.04.02', 'Sungailokan', 'desa', NULL, '2026-06-06 10:40:20'),
('14.04.02.2014', '14.04.02', 'Simpang Tiga Daratan', 'desa', NULL, '2026-06-06 10:40:20'),
('14.04.03.1007', '14.04.03', 'Sapat', 'kelurahan', NULL, '2026-06-06 10:40:20'),
('14.04.03.2001', '14.04.03', 'Sungaibuluh', 'desa', NULL, '2026-06-06 10:40:20'),
('14.04.03.2002', '14.04.03', 'Tanjunglajau', 'desa', NULL, '2026-06-06 10:40:20'),
('14.04.03.2003', '14.04.03', 'Sungaibela', 'desa', NULL, '2026-06-06 10:40:20'),
('14.04.03.2006', '14.04.03', 'Telukdalam', 'desa', NULL, '2026-06-06 10:40:20'),
('14.04.03.2008', '14.04.03', 'Sungaipiyai', 'desa', NULL, '2026-06-06 10:40:20'),
('14.04.03.2009', '14.04.03', 'Perigi Raja', 'desa', NULL, '2026-06-06 10:40:20'),
('14.04.03.2010', '14.04.03', 'Tanjungmelayu', 'desa', NULL, '2026-06-06 10:40:20'),
('14.04.04.1001', '14.04.04', 'Tembilahan Kota', 'kelurahan', NULL, '2026-06-06 10:40:20'),
('14.04.04.1002', '14.04.04', 'Tembilahan Hilir', 'kelurahan', NULL, '2026-06-06 10:40:20'),
('14.04.04.1003', '14.04.04', 'Seberang Tembilahan', 'kelurahan', NULL, '2026-06-06 10:40:20'),
('14.04.04.1004', '14.04.04', 'Sungaiperak', 'kelurahan', NULL, '2026-06-06 10:40:20'),
('14.04.04.1005', '14.04.04', 'Sungaiberingin', 'kelurahan', NULL, '2026-06-06 10:40:20'),
('14.04.04.1006', '14.04.04', 'Pekan Arba', 'kelurahan', NULL, '2026-06-06 10:40:20'),
('14.04.04.1007', '14.04.04', 'Seberang Tembilahan Barat', 'kelurahan', NULL, '2026-06-06 10:40:20'),
('14.04.04.1008', '14.04.04', 'Seberang Tembilahan Selatan', 'kelurahan', NULL, '2026-06-06 10:40:20'),
('14.04.05.1004', '14.04.05', 'Sungaisalak', 'kelurahan', NULL, '2026-06-06 10:40:20'),
('14.04.05.1005', '14.04.05', 'Tempuling', 'kelurahan', NULL, '2026-06-06 10:40:20'),
('14.04.05.1016', '14.04.05', 'Tanjungpidada', 'kelurahan', NULL, '2026-06-06 10:40:20'),
('14.04.05.1017', '14.04.05', 'Pangkalan Tujuh', 'kelurahan', NULL, '2026-06-06 10:40:20'),
('14.04.05.2002', '14.04.05', 'Telukkiambang', 'desa', NULL, '2026-06-06 10:40:20'),
('14.04.05.2003', '14.04.05', 'Mumpa', 'desa', NULL, '2026-06-06 10:40:20'),
('14.04.05.2007', '14.04.05', 'Telukjira', 'desa', NULL, '2026-06-06 10:40:20'),
('14.04.05.2009', '14.04.05', 'Karya Tunas Jaya', 'desa', NULL, '2026-06-06 10:40:20'),
('14.04.05.2011', '14.04.05', 'Harapan Jaya', 'desa', NULL, '2026-06-06 10:40:20'),
('14.04.06.1004', '14.04.06', 'Sungaiempat', 'kelurahan', NULL, '2026-06-06 10:40:20'),
('14.04.06.1005', '14.04.06', 'Telukpinang', 'kelurahan', NULL, '2026-06-06 10:40:20'),
('14.04.06.1009', '14.04.06', 'Tanjungharapan', 'kelurahan', NULL, '2026-06-06 10:40:20'),
('14.04.06.2001', '14.04.06', 'Kuala Gaung', 'desa', NULL, '2026-06-06 10:40:20'),
('14.04.06.2002', '14.04.06', 'Telukpantaian', 'desa', NULL, '2026-06-06 10:40:20'),
('14.04.06.2003', '14.04.06', 'Teluksungka', 'desa', NULL, '2026-06-06 10:40:20'),
('14.04.06.2006', '14.04.06', 'Sungaiiliran', 'desa', NULL, '2026-06-06 10:40:20'),
('14.04.06.2007', '14.04.06', 'Teluktuasan', 'desa', NULL, '2026-06-06 10:40:20'),
('14.04.06.2008', '14.04.06', 'Rambaian', 'desa', NULL, '2026-06-06 10:40:20'),
('14.04.06.2010', '14.04.06', 'Harapan Makmur', 'desa', NULL, '2026-06-06 10:40:20'),
('14.04.06.2011', '14.04.06', 'Kelumpang', 'desa', NULL, '2026-06-06 10:40:20'),
('14.04.06.2012', '14.04.06', 'Idaman', 'desa', NULL, '2026-06-06 10:40:20'),
('14.04.07.1004', '14.04.07', 'Khairiah Mandah', 'kelurahan', NULL, '2026-06-06 10:40:20'),
('14.04.07.2001', '14.04.07', 'Pulaucawan', 'desa', NULL, '2026-06-06 10:40:20'),
('14.04.07.2002', '14.04.07', 'Belaras', 'desa', NULL, '2026-06-06 10:40:20'),
('14.04.07.2003', '14.04.07', 'Bente', 'desa', NULL, '2026-06-06 10:40:20'),
('14.04.07.2005', '14.04.07', 'Igal', 'desa', NULL, '2026-06-06 10:40:20'),
('14.04.07.2006', '14.04.07', 'Pelanduk', 'desa', NULL, '2026-06-06 10:40:20'),
('14.04.07.2007', '14.04.07', 'Bakau Aceh', 'desa', NULL, '2026-06-06 10:40:20'),
('14.04.07.2008', '14.04.07', 'Batang Tumu', 'desa', NULL, '2026-06-06 10:40:20'),
('14.04.07.2009', '14.04.07', 'Bekawan', 'desa', NULL, '2026-06-06 10:40:20'),
('14.04.07.2010', '14.04.07', 'Bantayan', 'desa', NULL, '2026-06-06 10:40:20'),
('14.04.07.2011', '14.04.07', 'Batang Sari', 'desa', NULL, '2026-06-06 10:40:20'),
('14.04.07.2012', '14.04.07', 'Bolak Raya', 'desa', NULL, '2026-06-06 10:40:20'),
('14.04.07.2013', '14.04.07', 'Cahaya Baru', 'desa', NULL, '2026-06-06 10:40:20'),
('14.04.07.2014', '14.04.07', 'Belaras Barat', 'desa', NULL, '2026-06-06 10:40:20'),
('14.04.07.2015', '14.04.07', 'Sepakat Jaya', 'desa', NULL, '2026-06-06 10:40:20'),
('14.04.07.2016', '14.04.07', 'Suraya Mandiri', 'desa', NULL, '2026-06-06 10:40:20'),
('14.04.07.2017', '14.04.07', 'Bidari Tanjung Datuk', 'desa', NULL, '2026-06-06 10:40:20'),
('14.04.08.1001', '14.04.08', 'Tegaraja', 'kelurahan', NULL, '2026-06-06 10:40:20'),
('14.04.08.1009', '14.04.08', 'Amal Bakti', 'kelurahan', NULL, '2026-06-06 10:40:20'),
('14.04.08.1010', '14.04.08', 'Bandar Sri Gemilang', 'kelurahan', NULL, '2026-06-06 10:40:20'),
('14.04.08.2002', '14.04.08', 'Kuala Selat', 'desa', NULL, '2026-06-06 10:40:20'),
('14.04.08.2003', '14.04.08', 'Sungaisimbar', 'desa', NULL, '2026-06-06 10:40:20'),
('14.04.08.2004', '14.04.08', 'Penjuru', 'desa', NULL, '2026-06-06 10:40:20'),
('14.04.08.2005', '14.04.08', 'Sari Mulia', 'desa', NULL, '2026-06-06 10:40:20'),
('14.04.08.2006', '14.04.08', 'Air Tawar', 'desa', NULL, '2026-06-06 10:40:20'),
('14.04.08.2007', '14.04.08', 'Tanjungraja', 'desa', NULL, '2026-06-06 10:40:20'),
('14.04.08.2008', '14.04.08', 'Sungaiteritip', 'desa', NULL, '2026-06-06 10:40:20'),
('14.04.08.2011', '14.04.08', 'Makmur Jaya', 'desa', NULL, '2026-06-06 10:40:20'),
('14.04.09.1003', '14.04.09', 'Kota Baru Reteh', 'kelurahan', NULL, '2026-06-06 10:40:20'),
('14.04.09.2001', '14.04.09', 'Pebenaan', 'desa', NULL, '2026-06-06 10:40:20'),
('14.04.09.2002', '14.04.09', 'Seberang Pebenaan', 'desa', NULL, '2026-06-06 10:40:20'),
('14.04.09.2004', '14.04.09', 'Nusantara Jaya', 'desa', NULL, '2026-06-06 10:40:20'),
('14.04.09.2005', '14.04.09', 'Kota Baru Seberida', 'desa', NULL, '2026-06-06 10:40:20'),
('14.04.09.2006', '14.04.09', 'Kembang Mekarsari', 'desa', NULL, '2026-06-06 10:40:20'),
('14.04.09.2007', '14.04.09', 'Pasar Kembang', 'desa', NULL, '2026-06-06 10:40:20'),
('14.04.09.2008', '14.04.09', 'Kuala Keritang', 'desa', NULL, '2026-06-06 10:40:20'),
('14.04.09.2009', '14.04.09', 'Kuala Lemang', 'desa', NULL, '2026-06-06 10:40:20'),
('14.04.09.2010', '14.04.09', 'Telukkelasa', 'desa', NULL, '2026-06-06 10:40:20'),
('14.04.09.2011', '14.04.09', 'Pengalihan', 'desa', NULL, '2026-06-06 10:40:20'),
('14.04.09.2012', '14.04.09', 'Pancur', 'desa', NULL, '2026-06-06 10:40:20'),
('14.04.09.2013', '14.04.09', 'Sencalang', 'desa', NULL, '2026-06-06 10:40:20'),
('14.04.09.2014', '14.04.09', 'Petalongan', 'desa', NULL, '2026-06-06 10:40:20'),
('14.04.09.2015', '14.04.09', 'Nyiur Permai', 'desa', NULL, '2026-06-06 10:40:20'),
('14.04.09.2016', '14.04.09', 'Lintas Utara', 'desa', NULL, '2026-06-06 10:40:20'),
('14.04.09.2017', '14.04.09', 'Kayu Raja', 'desa', NULL, '2026-06-06 10:40:20'),
('14.04.10.1001', '14.04.10', 'Kuala Enok', 'kelurahan', NULL, '2026-06-06 10:40:20'),
('14.04.10.2002', '14.04.10', 'Selatnama', 'desa', NULL, '2026-06-06 10:40:20'),
('14.04.10.2003', '14.04.10', 'Sungainyiur', 'desa', NULL, '2026-06-06 10:40:20'),
('14.04.10.2004', '14.04.10', 'Tanjungbaru', 'desa', NULL, '2026-06-06 10:40:20'),
('14.04.10.2005', '14.04.10', 'Tekulai Hilir', 'desa', NULL, '2026-06-06 10:40:20'),
('14.04.10.2006', '14.04.10', 'Tekulai Hulu', 'desa', NULL, '2026-06-06 10:40:20'),
('14.04.10.2007', '14.04.10', 'Tekulai Bugis', 'desa', NULL, '2026-06-06 10:40:20'),
('14.04.10.2008', '14.04.10', 'Tanjungpasir', 'desa', NULL, '2026-06-06 10:40:20'),
('14.04.10.2009', '14.04.10', 'Tanah Merah', 'desa', NULL, '2026-06-06 10:40:20'),
('14.04.10.2010', '14.04.10', 'Sungailaut', 'desa', NULL, '2026-06-06 10:40:20'),
('14.04.11.1001', '14.04.11', 'Sungaipiring', 'kelurahan', NULL, '2026-06-06 10:40:20'),
('14.04.11.2002', '14.04.11', 'Sungailuar', 'desa', NULL, '2026-06-06 10:40:20'),
('14.04.11.2003', '14.04.11', 'Sungaidusun', 'desa', NULL, '2026-06-06 10:40:20'),
('14.04.11.2004', '14.04.11', 'Sungaijunjangan', 'desa', NULL, '2026-06-06 10:40:20'),
('14.04.11.2005', '14.04.11', 'Sungairaya', 'desa', NULL, '2026-06-06 10:40:20'),
('14.04.11.2006', '14.04.11', 'Kuala Sebatu', 'desa', NULL, '2026-06-06 10:40:20'),
('14.04.11.2007', '14.04.11', 'Tanjungsiantar', 'desa', NULL, '2026-06-06 10:40:20'),
('14.04.11.2008', '14.04.11', 'Sungairawa', 'desa', NULL, '2026-06-06 10:40:20'),
('14.04.11.2009', '14.04.11', 'Sialang Jaya', 'desa', NULL, '2026-06-06 10:40:20'),
('14.04.11.2010', '14.04.11', 'Gemilang Jaya', 'desa', NULL, '2026-06-06 10:40:20'),
('14.04.11.2011', '14.04.11', 'Tasik Raya', 'desa', NULL, '2026-06-06 10:40:20'),
('14.04.11.2012', '14.04.11', 'Pasir Emas', 'desa', NULL, '2026-06-06 10:40:20'),
('14.04.11.2013', '14.04.11', 'Simpang Jaya', 'desa', NULL, '2026-06-06 10:40:20'),
('14.04.12.1006', '14.04.12', 'Kuala Lahang', 'kelurahan', NULL, '2026-06-06 10:40:20'),
('14.04.12.2001', '14.04.12', 'Terusan Kempas', 'desa', NULL, '2026-06-06 10:40:20'),
('14.04.12.2002', '14.04.12', 'Lahang Baru', 'desa', NULL, '2026-06-06 10:40:20'),
('14.04.12.2003', '14.04.12', 'Simpang Gaung', 'desa', NULL, '2026-06-06 10:40:20'),
('14.04.12.2004', '14.04.12', 'Belantaraya', 'desa', NULL, '2026-06-06 10:40:20'),
('14.04.12.2005', '14.04.12', 'Sungaibaru', 'desa', NULL, '2026-06-06 10:40:20'),
('14.04.12.2007', '14.04.12', 'Lahang Tengah', 'desa', NULL, '2026-06-06 10:40:20'),
('14.04.12.2008', '14.04.12', 'Lahang Hulu', 'desa', NULL, '2026-06-06 10:40:20'),
('14.04.12.2009', '14.04.12', 'Pungkat', 'desa', NULL, '2026-06-06 10:40:20'),
('14.04.12.2010', '14.04.12', 'Jerambang', 'desa', NULL, '2026-06-06 10:40:20'),
('14.04.12.2011', '14.04.12', 'Telukkabung', 'desa', NULL, '2026-06-06 10:40:20'),
('14.04.12.2012', '14.04.12', 'Gembira', 'desa', NULL, '2026-06-06 10:40:20'),
('14.04.12.2013', '14.04.12', 'Semambu Kuning', 'desa', NULL, '2026-06-06 10:40:20'),
('14.04.12.2014', '14.04.12', 'Telukmerbau', 'desa', NULL, '2026-06-06 10:40:20'),
('14.04.12.2015', '14.04.12', 'Soren', 'desa', NULL, '2026-06-06 10:40:20'),
('14.04.12.2016', '14.04.12', 'Pintasan', 'desa', NULL, '2026-06-06 10:40:20'),
('14.04.13.1001', '14.04.13', 'Tembilahan Hulu', 'kelurahan', NULL, '2026-06-06 10:40:20'),
('14.04.13.1005', '14.04.13', 'Tembilahan Barat', 'kelurahan', NULL, '2026-06-06 10:40:20'),
('14.04.13.2002', '14.04.13', 'Pekan Kamis', 'desa', NULL, '2026-06-06 10:40:20'),
('14.04.13.2003', '14.04.13', 'Pulaupalas', 'desa', NULL, '2026-06-06 10:40:20'),
('14.04.13.2004', '14.04.13', 'Sialang Panjang', 'desa', NULL, '2026-06-06 10:40:20'),
('14.04.13.2006', '14.04.13', 'Sungaiintan', 'desa', NULL, '2026-06-06 10:40:20'),
('14.04.14.1001', '14.04.14', 'Selensen', 'kelurahan', NULL, '2026-06-06 10:40:20'),
('14.04.14.2002', '14.04.14', 'Batu Ampar', 'desa', NULL, '2026-06-06 10:40:20'),
('14.04.14.2003', '14.04.14', 'Keritang', 'desa', NULL, '2026-06-06 10:40:20'),
('14.04.14.2004', '14.04.14', 'Air Balui', 'desa', NULL, '2026-06-06 10:40:20'),
('14.04.14.2005', '14.04.14', 'Tuk Jimun', 'desa', NULL, '2026-06-06 10:40:20'),
('14.04.14.2006', '14.04.14', 'Kemuning Tua', 'desa', NULL, '2026-06-06 10:40:20'),
('14.04.14.2007', '14.04.14', 'Kemuning Muda', 'desa', NULL, '2026-06-06 10:40:20'),
('14.04.14.2008', '14.04.14', 'Limau Manis', 'desa', NULL, '2026-06-06 10:40:20'),
('14.04.14.2009', '14.04.14', 'Lubuk Besar', 'desa', NULL, '2026-06-06 10:40:20'),
('14.04.14.2010', '14.04.14', 'Sekara', 'desa', NULL, '2026-06-06 10:40:20'),
('14.04.14.2011', '14.04.14', 'Talang Jangkang', 'desa', NULL, '2026-06-06 10:40:20'),
('14.04.14.2012', '14.04.14', 'Sekayan', 'desa', NULL, '2026-06-06 10:40:20'),
('14.04.15.1002', '14.04.15', 'Pelangiran', 'kelurahan', NULL, '2026-06-06 10:40:20'),
('14.04.15.2001', '14.04.15', 'Rotan Semelur', 'desa', NULL, '2026-06-06 10:40:20'),
('14.04.15.2003', '14.04.15', 'Simpang Kateman', 'desa', NULL, '2026-06-06 10:40:20'),
('14.04.15.2004', '14.04.15', 'Tanjungsimpang', 'desa', NULL, '2026-06-06 10:40:20'),
('14.04.15.2005', '14.04.15', 'Baung Rejo Jaya', 'desa', NULL, '2026-06-06 10:40:20'),
('14.04.15.2006', '14.04.15', 'Tagagiri Tama Jaya', 'desa', NULL, '2026-06-06 10:40:20'),
('14.04.15.2007', '14.04.15', 'Pinang Jaya', 'desa', NULL, '2026-06-06 10:40:20'),
('14.04.15.2008', '14.04.15', 'Wonosari', 'desa', NULL, '2026-06-06 10:40:20'),
('14.04.15.2009', '14.04.15', 'Tegal Rejo', 'desa', NULL, '2026-06-06 10:40:20'),
('14.04.15.2010', '14.04.15', 'Intan Mulia Jaya', 'desa', NULL, '2026-06-06 10:40:20'),
('14.04.15.2011', '14.04.15', 'Saka Palas Jaya', 'desa', NULL, '2026-06-06 10:40:20'),
('14.04.15.2012', '14.04.15', 'Catur Karya', 'desa', NULL, '2026-06-06 10:40:20'),
('14.04.15.2013', '14.04.15', 'Bagan Jaya', 'desa', NULL, '2026-06-06 10:40:20'),
('14.04.15.2014', '14.04.15', 'Telukbunian', 'desa', NULL, '2026-06-06 10:40:20'),
('14.04.15.2015', '14.04.15', 'Terusan Beringin Jaya', 'desa', NULL, '2026-06-06 10:40:20'),
('14.04.15.2016', '14.04.15', 'Hidayah', 'desa', NULL, '2026-06-06 10:40:20'),
('14.04.16.2001', '14.04.16', 'Hibrida Mulia', 'desa', NULL, '2026-06-06 10:40:20'),
('14.04.16.2002', '14.04.16', 'Indra Sari Jaya', 'desa', NULL, '2026-06-06 10:40:20'),
('14.04.16.2003', '14.04.16', 'Tunggal Rahayu Jaya', 'desa', NULL, '2026-06-06 10:40:20'),
('14.04.16.2004', '14.04.16', 'Griya Mukti Jaya', 'desa', NULL, '2026-06-06 10:40:20'),
('14.04.16.2005', '14.04.16', 'Beringin Mulia', 'desa', NULL, '2026-06-06 10:40:20'),
('14.04.16.2006', '14.04.16', 'Hibrida Jaya', 'desa', NULL, '2026-06-06 10:40:20'),
('14.04.16.2007', '14.04.16', 'Sumber Jaya', 'desa', NULL, '2026-06-06 10:40:20'),
('14.04.16.2008', '14.04.16', 'Sumber Makmur Jaya', 'desa', NULL, '2026-06-06 10:40:20'),
('14.04.16.2009', '14.04.16', 'Sumber Sari Jaya', 'desa', NULL, '2026-06-06 10:40:20'),
('14.04.16.2010', '14.04.16', 'Kelapa Patih Jaya', 'desa', NULL, '2026-06-06 10:40:20'),
('14.04.16.2011', '14.04.16', 'Sapta Mulia Jaya', 'desa', NULL, '2026-06-06 10:40:20'),
('14.04.16.2012', '14.04.16', 'Saka Rotan', 'desa', NULL, '2026-06-06 10:40:20'),
('14.04.16.2013', '14.04.16', 'Gembaran', 'desa', NULL, '2026-06-06 10:40:20'),
('14.04.17.2001', '14.04.17', 'Pulauburung', 'desa', NULL, '2026-06-06 10:40:20'),
('14.04.17.2002', '14.04.17', 'Teluknibung', 'desa', NULL, '2026-06-06 10:40:20'),
('14.04.17.2003', '14.04.17', 'Sungaidanai', 'desa', NULL, '2026-06-06 10:40:20'),
('14.04.17.2004', '14.04.17', 'Mayang Sari Jaya', 'desa', NULL, '2026-06-06 10:40:20'),
('14.04.17.2005', '14.04.17', 'Bukit Sari Intan Jaya', 'desa', NULL, '2026-06-06 10:40:20'),
('14.04.17.2006', '14.04.17', 'Manunggal Jaya', 'desa', NULL, '2026-06-06 10:40:20'),
('14.04.17.2007', '14.04.17', 'Bangun Harjo Jaya', 'desa', NULL, '2026-06-06 10:40:20'),
('14.04.17.2008', '14.04.17', 'Ringin Jaya', 'desa', NULL, '2026-06-06 10:40:20'),
('14.04.17.2009', '14.04.17', 'Sri Damai', 'desa', NULL, '2026-06-06 10:40:20'),
('14.04.17.2010', '14.04.17', 'Sapta Jaya', 'desa', NULL, '2026-06-06 10:40:20'),
('14.04.17.2011', '14.04.17', 'Keramat Jaya', 'desa', NULL, '2026-06-06 10:40:20'),
('14.04.17.2012', '14.04.17', 'Binagun Jaya', 'desa', NULL, '2026-06-06 10:40:20'),
('14.04.17.2013', '14.04.17', 'Suka Jaya', 'desa', NULL, '2026-06-06 10:40:20'),
('14.04.17.2014', '14.04.17', 'Sukaharjo Jaya', 'desa', NULL, '2026-06-06 10:40:20'),
('14.04.18.1001', '14.04.18', 'Concong Luar', 'kelurahan', NULL, '2026-06-06 10:40:20'),
('14.04.18.2002', '14.04.18', 'Concong Dalam', 'desa', NULL, '2026-06-06 10:40:20'),
('14.04.18.2003', '14.04.18', 'Concong Tengah', 'desa', NULL, '2026-06-06 10:40:20'),
('14.04.18.2004', '14.04.18', 'Kampung Baru', 'desa', NULL, '2026-06-06 10:40:20'),
('14.04.18.2005', '14.04.18', 'Panglima Raja', 'desa', NULL, '2026-06-06 10:40:20'),
('14.04.18.2006', '14.04.18', 'Sungaiberapit', 'desa', NULL, '2026-06-06 10:40:20'),
('14.04.19.1002', '14.04.19', 'Kempas Jaya', 'kelurahan', NULL, '2026-06-06 10:40:20'),
('14.04.19.1007', '14.04.19', 'Harapan Tani', 'kelurahan', NULL, '2026-06-06 10:40:20'),
('14.04.19.2001', '14.04.19', 'Pekan Tua', 'desa', NULL, '2026-06-06 10:40:20'),
('14.04.19.2003', '14.04.19', 'Rumbai Jaya', 'desa', NULL, '2026-06-06 10:40:20'),
('14.04.19.2004', '14.04.19', 'Bayas Jaya', 'desa', NULL, '2026-06-06 10:40:20'),
('14.04.19.2005', '14.04.19', 'Sungaiara', 'desa', NULL, '2026-06-06 10:40:20'),
('14.04.19.2006', '14.04.19', 'Sungaigantang', 'desa', NULL, '2026-06-06 10:40:20'),
('14.04.19.2008', '14.04.19', 'Karya Tani', 'desa', NULL, '2026-06-06 10:40:20'),
('14.04.19.2009', '14.04.19', 'Kerta Jaya', 'desa', NULL, '2026-06-06 10:40:20'),
('14.04.19.2010', '14.04.19', 'Kulim Jaya', 'desa', NULL, '2026-06-06 10:40:20'),
('14.04.19.2011', '14.04.19', 'Danaupulai Indah', 'desa', NULL, '2026-06-06 10:40:20'),
('14.04.19.2012', '14.04.19', 'Sungairabit', 'desa', NULL, '2026-06-06 10:40:20'),
('14.04.20.1001', '14.04.20', 'Benteng', 'kelurahan', NULL, '2026-06-06 10:40:20'),
('14.04.20.2002', '14.04.20', 'Benteng Utara', 'desa', NULL, '2026-06-06 10:40:20'),
('14.04.20.2003', '14.04.20', 'Pasenggerahan', 'desa', NULL, '2026-06-06 10:40:20'),
('14.04.20.2004', '14.04.20', 'Kuala Sungai Batang', 'desa', NULL, '2026-06-06 10:40:20'),
('14.04.20.2005', '14.04.20', 'Kuala Patah Parang', 'desa', NULL, '2026-06-06 10:40:20'),
('14.04.20.2006', '14.04.20', 'Benteng Barat', 'desa', NULL, '2026-06-06 10:40:20'),
('14.04.20.2007', '14.04.20', 'Pandan Sari', 'desa', NULL, '2026-06-06 10:40:20'),
('14.04.20.2008', '14.04.20', 'Mugo Mulyo', 'desa', NULL, '2026-06-06 10:40:20'),
('14.05.01.1010', '14.05.01', 'Ukui I', 'kelurahan', NULL, '2026-06-06 10:40:20'),
('14.05.01.2001', '14.05.01', 'Air Hitam', 'desa', NULL, '2026-06-06 10:40:20'),
('14.05.01.2002', '14.05.01', 'Air Emas', 'desa', NULL, '2026-06-06 10:40:20'),
('14.05.01.2003', '14.05.01', 'Bukit Gajah', 'desa', NULL, '2026-06-06 10:40:20'),
('14.05.01.2004', '14.05.01', 'Bukit Jaya', 'desa', NULL, '2026-06-06 10:40:20'),
('14.05.01.2005', '14.05.01', 'Kampung Baru', 'desa', NULL, '2026-06-06 10:40:20'),
('14.05.01.2006', '14.05.01', 'Lubuk Kembang Bunga', 'desa', NULL, '2026-06-06 10:40:20'),
('14.05.01.2007', '14.05.01', 'Lubuk Kembang Sari', 'desa', NULL, '2026-06-06 10:40:20'),
('14.05.01.2008', '14.05.01', 'Silikuan Hulu', 'desa', NULL, '2026-06-06 10:40:20'),
('14.05.01.2009', '14.05.01', 'Tri Mulya Jaya', 'desa', NULL, '2026-06-06 10:40:20'),
('14.05.01.2011', '14.05.01', 'Ukui Dua', 'desa', NULL, '2026-06-06 10:40:20'),
('14.05.01.2012', '14.05.01', 'Bagan Limau', 'desa', NULL, '2026-06-06 10:40:20'),
('14.05.02.1007', '14.05.02', 'Pangkalan Kerinci Barat', 'kelurahan', NULL, '2026-06-06 10:40:20'),
('14.05.02.1008', '14.05.02', 'Pangkalan Kerinci Kota', 'kelurahan', NULL, '2026-06-06 10:40:20'),
('14.05.02.1009', '14.05.02', 'Pangkalan Kerinci Timur', 'kelurahan', NULL, '2026-06-06 10:40:20'),
('14.05.02.2001', '14.05.02', 'Mekar Jaya', 'desa', NULL, '2026-06-06 10:40:20'),
('14.05.02.2002', '14.05.02', 'Kuala Terusan', 'desa', NULL, '2026-06-06 10:40:20'),
('14.05.02.2003', '14.05.02', 'Makmur', 'desa', NULL, '2026-06-06 10:40:20'),
('14.05.02.2005', '14.05.02', 'Rantau Baru', 'desa', NULL, '2026-06-06 10:40:20'),
('14.05.03.1001', '14.05.03', 'Sorek I', 'kelurahan', NULL, '2026-06-06 10:40:20'),
('14.05.03.2002', '14.05.03', 'Sorek II', 'desa', NULL, '2026-06-06 10:40:20'),
('14.05.03.2003', '14.05.03', 'Dundangan', 'desa', NULL, '2026-06-06 10:40:20'),
('14.05.03.2004', '14.05.03', 'Palas', 'desa', NULL, '2026-06-06 10:40:20'),
('14.05.03.2005', '14.05.03', 'Terantang Manuk', 'desa', NULL, '2026-06-06 10:40:20'),
('14.05.03.2006', '14.05.03', 'Kemang', 'desa', NULL, '2026-06-06 10:40:20'),
('14.05.03.2007', '14.05.03', 'Talau', 'desa', NULL, '2026-06-06 10:40:20'),
('14.05.03.2008', '14.05.03', 'Tanjung Beringin', 'desa', NULL, '2026-06-06 10:40:20'),
('14.05.03.2009', '14.05.03', 'Betung', 'desa', NULL, '2026-06-06 10:40:20'),
('14.05.03.2010', '14.05.03', 'Kesuma', 'desa', NULL, '2026-06-06 10:40:20'),
('14.05.03.2011', '14.05.03', 'Surya Indah', 'desa', NULL, '2026-06-06 10:40:20'),
('14.05.03.2012', '14.05.03', 'Sialang Indah', 'desa', NULL, '2026-06-06 10:40:20'),
('14.05.03.2013', '14.05.03', 'Beringin Indah', 'desa', NULL, '2026-06-06 10:40:20'),
('14.05.03.2014', '14.05.03', 'Meranti', 'desa', NULL, '2026-06-06 10:40:20'),
('14.05.03.2015', '14.05.03', 'Harapan Jaya', 'desa', NULL, '2026-06-06 10:40:20'),
('14.05.03.2016', '14.05.03', 'Batang Kulim', 'desa', NULL, '2026-06-06 10:40:20'),
('14.05.03.2017', '14.05.03', 'Sidomukti', 'desa', NULL, '2026-06-06 10:40:20'),
('14.05.04.1001', '14.05.04', 'Pangkalan Lesung', 'kelurahan', NULL, '2026-06-06 10:40:20'),
('14.05.04.2002', '14.05.04', 'Dusun Tua', 'desa', NULL, '2026-06-06 10:40:20'),
('14.05.04.2003', '14.05.04', 'Genduang', 'desa', NULL, '2026-06-06 10:40:20'),
('14.05.04.2004', '14.05.04', 'Mayang Sari', 'desa', NULL, '2026-06-06 10:40:20'),
('14.05.04.2005', '14.05.04', 'Rawang Sari', 'desa', NULL, '2026-06-06 10:40:20'),
('14.05.04.2006', '14.05.04', 'Mulya Subur', 'desa', NULL, '2026-06-06 10:40:20'),
('14.05.04.2007', '14.05.04', 'Sari Mulya', 'desa', NULL, '2026-06-06 10:40:20'),
('14.05.04.2008', '14.05.04', 'Sari Makmur', 'desa', NULL, '2026-06-06 10:40:20'),
('14.05.04.2009', '14.05.04', 'Tanjung Kuyo', 'desa', NULL, '2026-06-06 10:40:20'),
('14.05.04.2010', '14.05.04', 'Pesaguan', 'desa', NULL, '2026-06-06 10:40:20'),
('14.05.05.1001', '14.05.05', 'Langgam', 'kelurahan', NULL, '2026-06-06 10:40:20'),
('14.05.05.2002', '14.05.05', 'Tambak', 'desa', NULL, '2026-06-06 10:40:20'),
('14.05.05.2003', '14.05.05', 'Penarikan', 'desa', NULL, '2026-06-06 10:40:20'),
('14.05.05.2004', '14.05.05', 'Segati', 'desa', NULL, '2026-06-06 10:40:20'),
('14.05.05.2005', '14.05.05', 'Sotol', 'desa', NULL, '2026-06-06 10:40:20'),
('14.05.05.2006', '14.05.05', 'Pangkalan Gondai', 'desa', NULL, '2026-06-06 10:40:20'),
('14.05.05.2007', '14.05.05', 'Langkan', 'desa', NULL, '2026-06-06 10:40:20'),
('14.05.05.2008', '14.05.05', 'Padang Luas', 'desa', NULL, '2026-06-06 10:40:20'),
('14.05.06.1001', '14.05.06', 'Pelalawan', 'kelurahan', NULL, '2026-06-06 10:40:20'),
('14.05.06.2002', '14.05.06', 'Sungai Ara', 'desa', NULL, '2026-06-06 10:40:20'),
('14.05.06.2003', '14.05.06', 'Ransang', 'desa', NULL, '2026-06-06 10:40:20'),
('14.05.06.2004', '14.05.06', 'Kuala Tolam', 'desa', NULL, '2026-06-06 10:40:20'),
('14.05.06.2005', '14.05.06', 'Sering', 'desa', NULL, '2026-06-06 10:40:20'),
('14.05.06.2006', '14.05.06', 'Telayap', 'desa', NULL, '2026-06-06 10:40:20'),
('14.05.06.2007', '14.05.06', 'Batang Nilo Kecil', 'desa', NULL, '2026-06-06 10:40:20'),
('14.05.06.2008', '14.05.06', 'Delik', 'desa', NULL, '2026-06-06 10:40:20'),
('14.05.06.2010', '14.05.06', 'Lalang Kabung', 'desa', NULL, '2026-06-06 10:40:20'),
('14.05.07.1001', '14.05.07', 'Kerumutan', 'kelurahan', NULL, '2026-06-06 10:40:20'),
('14.05.07.2002', '14.05.07', 'Pangkalan Panduk', 'desa', NULL, '2026-06-06 10:40:20'),
('14.05.07.2003', '14.05.07', 'Pangkalan Tampui', 'desa', NULL, '2026-06-06 10:40:20'),
('14.05.07.2004', '14.05.07', 'Bukit Lembah Subur', 'desa', NULL, '2026-06-06 10:40:20'),
('14.05.07.2005', '14.05.07', 'Banjar Panjang', 'desa', NULL, '2026-06-06 10:40:20'),
('14.05.07.2006', '14.05.07', 'Beringin Makmur', 'desa', NULL, '2026-06-06 10:40:20'),
('14.05.07.2007', '14.05.07', 'Pematang Tinggi', 'desa', NULL, '2026-06-06 10:40:20'),
('14.05.07.2008', '14.05.07', 'Tanjung Air Hitam', 'desa', NULL, '2026-06-06 10:40:20'),
('14.05.07.2009', '14.05.07', 'Mak Teduh', 'desa', NULL, '2026-06-06 10:40:20'),
('14.05.07.2010', '14.05.07', 'Lipai Bulan', 'desa', NULL, '2026-06-06 10:40:20'),
('14.05.08.1011', '14.05.08', 'Pangkalan Bunut', 'kelurahan', NULL, '2026-06-06 10:40:20'),
('14.05.08.2001', '14.05.08', 'Petani', 'desa', NULL, '2026-06-06 10:40:20'),
('14.05.08.2002', '14.05.08', 'Merbau', 'desa', NULL, '2026-06-06 10:40:20'),
('14.05.08.2003', '14.05.08', 'Sungai Buluh', 'desa', NULL, '2026-06-06 10:40:20'),
('14.05.08.2008', '14.05.08', 'Lubuk Mas', 'desa', NULL, '2026-06-06 10:40:20'),
('14.05.08.2009', '14.05.08', 'Balam Merah', 'desa', NULL, '2026-06-06 10:40:20'),
('14.05.08.2010', '14.05.08', 'Bagan Laguh', 'desa', NULL, '2026-06-06 10:40:20'),
('14.05.08.2013', '14.05.08', 'Lubuk Mandian Gajah', 'desa', NULL, '2026-06-06 10:40:20'),
('14.05.08.2017', '14.05.08', 'Keriung', 'desa', NULL, '2026-06-06 10:40:20'),
('14.05.08.2018', '14.05.08', 'Sialang Kayu Batu', 'desa', NULL, '2026-06-06 10:40:20'),
('14.05.09.1001', '14.05.09', 'Teluk Meranti', 'kelurahan', NULL, '2026-06-06 10:40:20'),
('14.05.09.2002', '14.05.09', 'Kuala Panduk', 'desa', NULL, '2026-06-06 10:40:20'),
('14.05.09.2003', '14.05.09', 'Petodaan', 'desa', NULL, '2026-06-06 10:40:20'),
('14.05.09.2004', '14.05.09', 'Teluk Binjai', 'desa', NULL, '2026-06-06 10:40:20'),
('14.05.09.2005', '14.05.09', 'Pulau Muda', 'desa', NULL, '2026-06-06 10:40:20'),
('14.05.09.2006', '14.05.09', 'Gambut Mutiara', 'desa', NULL, '2026-06-06 10:40:20'),
('14.05.09.2007', '14.05.09', 'Labuhan Bilik', 'desa', NULL, '2026-06-06 10:40:20'),
('14.05.09.2008', '14.05.09', 'Pangkalan Terap', 'desa', NULL, '2026-06-06 10:40:20'),
('14.05.09.2009', '14.05.09', 'Segamai', 'desa', NULL, '2026-06-06 10:40:20'),
('14.05.10.1001', '14.05.10', 'Teluk Dalam', 'kelurahan', NULL, '2026-06-06 10:40:20'),
('14.05.10.2002', '14.05.10', 'Tanjung Sum', 'desa', NULL, '2026-06-06 10:40:20'),
('14.05.10.2003', '14.05.10', 'Sungai Solok', 'desa', NULL, '2026-06-06 10:40:20'),
('14.05.10.2004', '14.05.10', 'Sungai Upih', 'desa', NULL, '2026-06-06 10:40:20'),
('14.05.10.2005', '14.05.10', 'Teluk', 'desa', NULL, '2026-06-06 10:40:20'),
('14.05.10.2006', '14.05.10', 'Serapung', 'desa', NULL, '2026-06-06 10:40:20'),
('14.05.10.2007', '14.05.10', 'Teluk Beringin', 'desa', NULL, '2026-06-06 10:40:20'),
('14.05.10.2008', '14.05.10', 'Sokoi', 'desa', NULL, '2026-06-06 10:40:20'),
('14.05.10.2009', '14.05.10', 'Sungai Mas', 'desa', NULL, '2026-06-06 10:40:20'),
('14.05.10.2010', '14.05.10', 'Teluk Bakau', 'desa', NULL, '2026-06-06 10:40:20'),
('14.05.11.1001', '14.05.11', 'Sei Kijang', 'kelurahan', NULL, '2026-06-06 10:40:20'),
('14.05.11.2002', '14.05.11', 'Lubuk Ogung', 'desa', NULL, '2026-06-06 10:40:20'),
('14.05.11.2003', '14.05.11', 'Simpang Beringin', 'desa', NULL, '2026-06-06 10:40:20'),
('14.05.11.2004', '14.05.11', 'Muda Setia', 'desa', NULL, '2026-06-06 10:40:20'),
('14.05.11.2005', '14.05.11', 'Kiab Jaya', 'desa', NULL, '2026-06-06 10:40:20'),
('14.05.12.1002', '14.05.12', 'Rawang Empat', 'kelurahan', NULL, '2026-06-06 10:40:20'),
('14.05.12.2001', '14.05.12', 'Kuala Semundam', 'desa', NULL, '2026-06-06 10:40:20'),
('14.05.12.2003', '14.05.12', 'Tambun', 'desa', NULL, '2026-06-06 10:40:20'),
('14.05.12.2004', '14.05.12', 'Terbangiang', 'desa', NULL, '2026-06-06 10:40:20'),
('14.05.12.2005', '14.05.12', 'Lubuk Terap', 'desa', NULL, '2026-06-06 10:40:20'),
('14.05.12.2006', '14.05.12', 'Angkasa', 'desa', NULL, '2026-06-06 10:40:20'),
('14.05.12.2007', '14.05.12', 'Sialang Godang', 'desa', NULL, '2026-06-06 10:40:20'),
('14.05.12.2008', '14.05.12', 'Lubuk Raja', 'desa', NULL, '2026-06-06 10:40:20'),
('14.05.12.2009', '14.05.12', 'Lubuk Keranji Timur', 'desa', NULL, '2026-06-06 10:40:20'),
('14.05.12.2010', '14.05.12', 'Airterjun', 'desa', NULL, '2026-06-06 10:40:20'),
('14.05.12.2011', '14.05.12', 'Sialang Bungkuk', 'desa', NULL, '2026-06-06 10:40:20'),
('14.06.01.1001', '14.06.01', 'Ujung Batu', 'kelurahan', NULL, '2026-06-06 10:40:20'),
('14.06.01.2002', '14.06.01', 'Suka Damai', 'desa', NULL, '2026-06-06 10:40:20'),
('14.06.01.2003', '14.06.01', 'Ngaso', 'desa', NULL, '2026-06-06 10:40:20'),
('14.06.01.2004', '14.06.01', 'Ujung Batu Timur', 'desa', NULL, '2026-06-06 10:40:20'),
('14.06.01.2005', '14.06.01', 'Pematang Tebih', 'desa', NULL, '2026-06-06 10:40:20'),
('14.06.02.1001', '14.06.02', 'Rokan', 'kelurahan', NULL, '2026-06-06 10:40:20'),
('14.06.02.2002', '14.06.02', 'Cipang Kanan', 'desa', NULL, '2026-06-06 10:40:20'),
('14.06.02.2003', '14.06.02', 'Cipang Kiri Hulu', 'desa', NULL, '2026-06-06 10:40:20'),
('14.06.02.2004', '14.06.02', 'Cipang Kiri Hilir', 'desa', NULL, '2026-06-06 10:40:20'),
('14.06.02.2006', '14.06.02', 'Tanjung Medan', 'desa', NULL, '2026-06-06 10:40:20'),
('14.06.02.2007', '14.06.02', 'Lubuk Bendahara Timur', 'desa', NULL, '2026-06-06 10:40:20'),
('14.06.02.2008', '14.06.02', 'Lubuk Bendahara', 'desa', NULL, '2026-06-06 10:40:20'),
('14.06.02.2010', '14.06.02', 'Sikebau Jaya', 'desa', NULL, '2026-06-06 10:40:20'),
('14.06.02.2013', '14.06.02', 'Rokan Koto Ruang', 'desa', NULL, '2026-06-06 10:40:20'),
('14.06.02.2014', '14.06.02', 'Rokan Timur', 'desa', NULL, '2026-06-06 10:40:20'),
('14.06.02.2016', '14.06.02', 'Lubuk Betung', 'desa', NULL, '2026-06-06 10:40:20'),
('14.06.02.2017', '14.06.02', 'Pemandang', 'desa', NULL, '2026-06-06 10:40:20'),
('14.06.02.2018', '14.06.02', 'Alahan', 'desa', NULL, '2026-06-06 10:40:20'),
('14.06.02.2019', '14.06.02', 'Tibawan', 'desa', NULL, '2026-06-06 10:40:20'),
('14.06.03.1001', '14.06.03', 'Pasir Pengarayan', 'kelurahan', NULL, '2026-06-06 10:40:20'),
('14.06.03.2002', '14.06.03', 'Rambah Tengah Utara', 'desa', NULL, '2026-06-06 10:40:20'),
('14.06.03.2003', '14.06.03', 'Rambah Tengah Hilir', 'desa', NULL, '2026-06-06 10:40:20'),
('14.06.03.2004', '14.06.03', 'Rambah Tengah Hulu', 'desa', NULL, '2026-06-06 10:40:20'),
('14.06.03.2005', '14.06.03', 'Rambah Tengah Barat', 'desa', NULL, '2026-06-06 10:40:20'),
('14.06.03.2006', '14.06.03', 'Menaming', 'desa', NULL, '2026-06-06 10:40:20'),
('14.06.03.2007', '14.06.03', 'Pasir Baru', 'desa', NULL, '2026-06-06 10:40:20'),
('14.06.03.2008', '14.06.03', 'Sialang Jaya', 'desa', NULL, '2026-06-06 10:40:20'),
('14.06.03.2009', '14.06.03', 'Tanjung Belit', 'desa', NULL, '2026-06-06 10:40:20'),
('14.06.03.2010', '14.06.03', 'Koto Tinggi', 'desa', NULL, '2026-06-06 10:40:20'),
('14.06.03.2011', '14.06.03', 'Suka Maju', 'desa', NULL, '2026-06-06 10:40:20'),
('14.06.03.2012', '14.06.03', 'Pematang Berangan', 'desa', NULL, '2026-06-06 10:40:20'),
('14.06.03.2013', '14.06.03', 'Babussalam', 'desa', NULL, '2026-06-06 10:40:20'),
('14.06.03.2014', '14.06.03', 'Pasir Maju', 'desa', NULL, '2026-06-06 10:40:20'),
('14.06.04.1001', '14.06.04', 'Tambusai Tengah', 'kelurahan', NULL, '2026-06-06 10:40:20'),
('14.06.04.2002', '14.06.04', 'Tambusai Barat', 'desa', NULL, '2026-06-06 10:40:20'),
('14.06.04.2003', '14.06.04', 'Tambusai Timur', 'desa', NULL, '2026-06-06 10:40:20'),
('14.06.04.2004', '14.06.04', 'Batas', 'desa', NULL, '2026-06-06 10:40:20'),
('14.06.04.2005', '14.06.04', 'Talikumain', 'desa', NULL, '2026-06-06 10:40:20'),
('14.06.04.2006', '14.06.04', 'Rantau Panjang', 'desa', NULL, '2026-06-06 10:40:20'),
('14.06.04.2007', '14.06.04', 'Sungai Kumango', 'desa', NULL, '2026-06-06 10:40:20'),
('14.06.04.2008', '14.06.04', 'Batang Kumu', 'desa', NULL, '2026-06-06 10:40:20'),
('14.06.04.2009', '14.06.04', 'Sialang Rindang', 'desa', NULL, '2026-06-06 10:40:20'),
('14.06.04.2010', '14.06.04', 'Suka Maju', 'desa', NULL, '2026-06-06 10:40:20'),
('14.06.04.2011', '14.06.04', 'Lubuk Soting', 'desa', NULL, '2026-06-06 10:40:20'),
('14.06.04.2012', '14.06.04', 'Tingkok', 'desa', NULL, '2026-06-06 10:40:20'),
('14.06.05.1001', '14.06.05', 'KepenuhanTengah', 'kelurahan', NULL, '2026-06-06 10:40:20'),
('14.06.05.2003', '14.06.05', 'Kepenuhan Barat', 'desa', NULL, '2026-06-06 10:40:20'),
('14.06.05.2004', '14.06.05', 'Kepenuhan Hilir', 'desa', NULL, '2026-06-06 10:40:20'),
('14.06.05.2005', '14.06.05', 'Kepenuhan Timur', 'desa', NULL, '2026-06-06 10:40:20'),
('14.06.05.2006', '14.06.05', 'Kepenuhan Barat Sei Rokan Jaya', 'desa', NULL, '2026-06-06 10:40:20'),
('14.06.05.2007', '14.06.05', 'Kepenuhan Raya', 'desa', NULL, '2026-06-06 10:40:20'),
('14.06.05.2008', '14.06.05', 'Kepenuhan Baru', 'desa', NULL, '2026-06-06 10:40:20'),
('14.06.05.2009', '14.06.05', 'Kepenuhan Barat Mulya', 'desa', NULL, '2026-06-06 10:40:20'),
('14.06.05.2010', '14.06.05', 'Ulak Patian', 'desa', NULL, '2026-06-06 10:40:20'),
('14.06.05.2012', '14.06.05', 'Rantau Binuang Sakti', 'desa', NULL, '2026-06-06 10:40:20'),
('14.06.06.1001', '14.06.06', 'Kota Lama', 'kelurahan', NULL, '2026-06-06 10:40:20'),
('14.06.06.2003', '14.06.06', 'Kota Intan', 'desa', NULL, '2026-06-06 10:40:20'),
('14.06.06.2004', '14.06.06', 'Muara Dilam', 'desa', NULL, '2026-06-06 10:40:20'),
('14.06.06.2008', '14.06.06', 'Kota Raya', 'desa', NULL, '2026-06-06 10:40:20'),
('14.06.06.2009', '14.06.06', 'Kota Baru', 'desa', NULL, '2026-06-06 10:40:20'),
('14.06.06.2010', '14.06.06', 'Sungai Kuti', 'desa', NULL, '2026-06-06 10:40:20'),
('14.06.06.2011', '14.06.06', 'Pasir Indah', 'desa', NULL, '2026-06-06 10:40:20'),
('14.06.06.2012', '14.06.06', 'Pasir Luhur', 'desa', NULL, '2026-06-06 10:40:20'),
('14.06.06.2017', '14.06.06', 'Bukit Intan Makmur', 'desa', NULL, '2026-06-06 10:40:20'),
('14.06.06.2018', '14.06.06', 'Bagan Tujuh', 'desa', NULL, '2026-06-06 10:40:20'),
('14.06.07.2001', '14.06.07', 'Rambah Samo', 'desa', NULL, '2026-06-06 10:40:20'),
('14.06.07.2002', '14.06.07', 'Rambah Samo Barat', 'desa', NULL, '2026-06-06 10:40:20'),
('14.06.07.2003', '14.06.07', 'Rambah Baru', 'desa', NULL, '2026-06-06 10:40:20'),
('14.06.07.2004', '14.06.07', 'Rambah Utama', 'desa', NULL, '2026-06-06 10:40:20'),
('14.06.07.2005', '14.06.07', 'Pasir Makmur', 'desa', NULL, '2026-06-06 10:40:20'),
('14.06.07.2006', '14.06.07', 'Karya Mulya', 'desa', NULL, '2026-06-06 10:40:20'),
('14.06.07.2007', '14.06.07', 'Marga Mulya', 'desa', NULL, '2026-06-06 10:40:20'),
('14.06.07.2008', '14.06.07', 'Langkitin', 'desa', NULL, '2026-06-06 10:40:20'),
('14.06.07.2009', '14.06.07', 'Masda Makmur', 'desa', NULL, '2026-06-06 10:40:20'),
('14.06.07.2010', '14.06.07', 'Lubuk Napal', 'desa', NULL, '2026-06-06 10:40:20'),
('14.06.07.2011', '14.06.07', 'Teluk Aur', 'desa', NULL, '2026-06-06 10:40:20'),
('14.06.07.2012', '14.06.07', 'Sei Salak', 'desa', NULL, '2026-06-06 10:40:20'),
('14.06.07.2013', '14.06.07', 'Sei Kuning', 'desa', NULL, '2026-06-06 10:40:20'),
('14.06.07.2014', '14.06.07', 'Lubuk Bilang', 'desa', NULL, '2026-06-06 10:40:20'),
('14.06.08.2001', '14.06.08', 'Rambah Hilir', 'desa', NULL, '2026-06-06 10:40:20'),
('14.06.08.2002', '14.06.08', 'Rambah Hilir Tengah', 'desa', NULL, '2026-06-06 10:40:20'),
('14.06.08.2003', '14.06.08', 'Rambah Hilir Timur', 'desa', NULL, '2026-06-06 10:40:20'),
('14.06.08.2004', '14.06.08', 'Pasir Utama', 'desa', NULL, '2026-06-06 10:40:20'),
('14.06.08.2005', '14.06.08', 'Pasir Jaya', 'desa', NULL, '2026-06-06 10:40:20'),
('14.06.08.2006', '14.06.08', 'Rambah Muda', 'desa', NULL, '2026-06-06 10:40:20'),
('14.06.08.2007', '14.06.08', 'Sungai Sitolang', 'desa', NULL, '2026-06-06 10:40:20'),
('14.06.08.2008', '14.06.08', 'Lubuk Kerapat', 'desa', NULL, '2026-06-06 10:40:20'),
('14.06.08.2009', '14.06.08', 'Rambah', 'desa', NULL, '2026-06-06 10:40:20'),
('14.06.08.2010', '14.06.08', 'Serombou Indah', 'desa', NULL, '2026-06-06 10:40:20'),
('14.06.08.2011', '14.06.08', 'Sungai Dua Indah', 'desa', NULL, '2026-06-06 10:40:20'),
('14.06.08.2012', '14.06.08', 'Muara Musu', 'desa', NULL, '2026-06-06 10:40:20'),
('14.06.08.2013', '14.06.08', 'Sejati', 'desa', NULL, '2026-06-06 10:40:20'),
('14.06.09.2001', '14.06.09', 'Tambusai Utara', 'desa', NULL, '2026-06-06 10:40:20'),
('14.06.09.2002', '14.06.09', 'Mahato', 'desa', NULL, '2026-06-06 10:40:20'),
('14.06.09.2003', '14.06.09', 'Bangun Jaya', 'desa', NULL, '2026-06-06 10:40:20'),
('14.06.09.2004', '14.06.09', 'Simpang Harapan', 'desa', NULL, '2026-06-06 10:40:20'),
('14.06.09.2005', '14.06.09', 'Pagar Mayang', 'desa', NULL, '2026-06-06 10:40:20'),
('14.06.09.2006', '14.06.09', 'Payung Sekaki', 'desa', NULL, '2026-06-06 10:40:20'),
('14.06.09.2007', '14.06.09', 'Mekar Jaya', 'desa', NULL, '2026-06-06 10:40:20'),
('14.06.09.2008', '14.06.09', 'Tanjung Medan', 'desa', NULL, '2026-06-06 10:40:20'),
('14.06.09.2009', '14.06.09', 'Suka Damai', 'desa', NULL, '2026-06-06 10:40:20'),
('14.06.09.2010', '14.06.09', 'Rantau Sakti', 'desa', NULL, '2026-06-06 10:40:20'),
('14.06.09.2011', '14.06.09', 'Mahato Sakti', 'desa', NULL, '2026-06-06 10:40:20'),
('14.06.10.2001', '14.06.10', 'Pasir Agung', 'desa', NULL, '2026-06-06 10:40:20'),
('14.06.10.2002', '14.06.10', 'Pasir Intan', 'desa', NULL, '2026-06-06 10:40:20'),
('14.06.10.2003', '14.06.10', 'Rambah Jaya', 'desa', NULL, '2026-06-06 10:40:20'),
('14.06.10.2004', '14.06.10', 'Bangun Purba', 'desa', NULL, '2026-06-06 10:40:20'),
('14.06.10.2005', '14.06.10', 'Bangun Purba Timur Jaya', 'desa', NULL, '2026-06-06 10:40:20'),
('14.06.10.2006', '14.06.10', 'Bangun Purba Barat', 'desa', NULL, '2026-06-06 10:40:20'),
('14.06.10.2007', '14.06.10', 'Tangun', 'desa', NULL, '2026-06-06 10:40:20'),
('14.06.11.2001', '14.06.11', 'Tandun', 'desa', NULL, '2026-06-06 10:40:20'),
('14.06.11.2002', '14.06.11', 'Kumain', 'desa', NULL, '2026-06-06 10:40:20'),
('14.06.11.2003', '14.06.11', 'Bono Tapung', 'desa', NULL, '2026-06-06 10:40:20'),
('14.06.11.2004', '14.06.11', 'Dayo', 'desa', NULL, '2026-06-06 10:40:20'),
('14.06.11.2005', '14.06.11', 'Tapung Jaya', 'desa', NULL, '2026-06-06 10:40:20'),
('14.06.11.2006', '14.06.11', 'Puo Raya', 'desa', NULL, '2026-06-06 10:40:20'),
('14.06.11.2007', '14.06.11', 'Sei Kuning', 'desa', NULL, '2026-06-06 10:40:20'),
('14.06.11.2008', '14.06.11', 'Koto Tandun', 'desa', NULL, '2026-06-06 10:40:20'),
('14.06.11.2009', '14.06.11', 'Tandun Barat', 'desa', NULL, '2026-06-06 10:40:20'),
('14.06.12.2001', '14.06.12', 'Kabun', 'desa', NULL, '2026-06-06 10:40:20'),
('14.06.12.2002', '14.06.12', 'Aliantan', 'desa', NULL, '2026-06-06 10:40:20'),
('14.06.12.2003', '14.06.12', 'Koto Ranah', 'desa', NULL, '2026-06-06 10:40:20'),
('14.06.12.2004', '14.06.12', 'Boncah Kesuma', 'desa', NULL, '2026-06-06 10:40:20'),
('14.06.12.2005', '14.06.12', 'Batu Langkah Besar', 'desa', NULL, '2026-06-06 10:40:20'),
('14.06.12.2006', '14.06.12', 'Giti', 'desa', NULL, '2026-06-06 10:40:20'),
('14.06.13.2001', '14.06.13', 'Teluk Sono', 'desa', NULL, '2026-06-06 10:40:20'),
('14.06.13.2002', '14.06.13', 'Sontang', 'desa', NULL, '2026-06-06 10:40:20'),
('14.06.13.2003', '14.06.13', 'Bonai', 'desa', NULL, '2026-06-06 10:40:20'),
('14.06.13.2004', '14.06.13', 'Rawa Makmur', 'desa', NULL, '2026-06-06 10:40:20'),
('14.06.13.2005', '14.06.13', 'Pauh', 'desa', NULL, '2026-06-06 10:40:20'),
('14.06.13.2006', '14.06.13', 'Kasang Padang', 'desa', NULL, '2026-06-06 10:40:20'),
('14.06.13.2007', '14.06.13', 'Kasang Mungkal', 'desa', NULL, '2026-06-06 10:40:20'),
('14.06.14.2001', '14.06.14', 'Pagaran Tapah', 'desa', NULL, '2026-06-06 10:40:20'),
('14.06.14.2002', '14.06.14', 'Kembang Damai', 'desa', NULL, '2026-06-06 10:40:20'),
('14.06.14.2005', '14.06.14', 'Sangkir Indah', 'desa', NULL, '2026-06-06 10:40:20'),
('14.06.15.2001', '14.06.15', 'Kepenuhan Hulu', 'desa', NULL, '2026-06-06 10:40:20'),
('14.06.15.2002', '14.06.15', 'Pekan Tebih', 'desa', NULL, '2026-06-06 10:40:20'),
('14.06.15.2003', '14.06.15', 'Kepayang', 'desa', NULL, '2026-06-06 10:40:20'),
('14.06.15.2004', '14.06.15', 'Muara Jaya', 'desa', NULL, '2026-06-06 10:40:20'),
('14.06.15.2005', '14.06.15', 'Kepenuhan Jaya', 'desa', NULL, '2026-06-06 10:40:20'),
('14.06.16.2001', '14.06.16', 'Pendalian', 'desa', NULL, '2026-06-06 10:40:20'),
('14.06.16.2002', '14.06.16', 'Bengkolan Salak', 'desa', NULL, '2026-06-06 10:40:20'),
('14.06.16.2003', '14.06.16', 'Suligi', 'desa', NULL, '2026-06-06 10:40:20'),
('14.06.16.2004', '14.06.16', 'Air Panas', 'desa', NULL, '2026-06-06 10:40:20'),
('14.06.16.2005', '14.06.16', 'Sei Kandis', 'desa', NULL, '2026-06-06 10:40:20'),
('14.07.01.1010', '14.07.01', 'Telukmerbau', 'kelurahan', NULL, '2026-06-06 10:40:20'),
('14.07.01.2002', '14.07.01', 'Tanjungleban', 'desa', NULL, '2026-06-06 10:40:20'),
('14.07.01.2003', '14.07.01', 'Sungaikubu', 'desa', NULL, '2026-06-06 10:40:20'),
('14.07.01.2004', '14.07.01', 'Rantau Panjang Kanan', 'desa', NULL, '2026-06-06 10:40:20'),
('14.07.01.2012', '14.07.01', 'Telukpiyai', 'desa', NULL, '2026-06-06 10:40:20'),
('14.07.01.2013', '14.07.01', 'Sungaisegajah', 'desa', NULL, '2026-06-06 10:40:20'),
('14.07.01.2015', '14.07.01', 'Sei Segajah Makmur', 'desa', NULL, '2026-06-06 10:40:20'),
('14.07.01.2020', '14.07.01', 'Telukpiyai Pesisir', 'desa', NULL, '2026-06-06 10:40:20'),
('14.07.01.2021', '14.07.01', 'Sungaikubu Hulu', 'desa', NULL, '2026-06-06 10:40:20'),
('14.07.01.2022', '14.07.01', 'Sungai Segajah Jaya', 'desa', NULL, '2026-06-06 10:40:20'),
('14.07.02.1011', '14.07.02', 'Bagan Punak', 'kelurahan', NULL, '2026-06-06 10:40:20'),
('14.07.02.1012', '14.07.02', 'Bagan Kota', 'kelurahan', NULL, '2026-06-06 10:40:20'),
('14.07.02.1015', '14.07.02', 'Bagan Hulu', 'kelurahan', NULL, '2026-06-06 10:40:20'),
('14.07.02.1016', '14.07.02', 'Bagan Barat', 'kelurahan', NULL, '2026-06-06 10:40:20'),
('14.07.02.1017', '14.07.02', 'Bagan Timur', 'kelurahan', NULL, '2026-06-06 10:40:20'),
('14.07.02.2009', '14.07.02', 'Labuhan Tangga Kecil', 'desa', NULL, '2026-06-06 10:40:20'),
('14.07.02.2010', '14.07.02', 'Labuhan Tangga Besar', 'desa', NULL, '2026-06-06 10:40:20'),
('14.07.02.2013', '14.07.02', 'Bagan Jawa', 'desa', NULL, '2026-06-06 10:40:20'),
('14.07.02.2014', '14.07.02', 'Parit Aman', 'desa', NULL, '2026-06-06 10:40:20'),
('14.07.02.2019', '14.07.02', 'Labuhan Tangga Baru', 'desa', NULL, '2026-06-06 10:40:20'),
('14.07.02.2021', '14.07.02', 'Bagan Jawa Pesisir', 'desa', NULL, '2026-06-06 10:40:20'),
('14.07.02.2022', '14.07.02', 'Serusa', 'desa', NULL, '2026-06-06 10:40:20'),
('14.07.02.2023', '14.07.02', 'Labuhan Tangga Hilir', 'desa', NULL, '2026-06-06 10:40:20'),
('14.07.02.2024', '14.07.02', 'Bagan Punak Meranti', 'desa', NULL, '2026-06-06 10:40:20'),
('14.07.02.2025', '14.07.02', 'Bagan Punak Pesisir', 'desa', NULL, '2026-06-06 10:40:20'),
('14.07.03.1007', '14.07.03', 'Sedinginan', 'kelurahan', NULL, '2026-06-06 10:40:20'),
('14.07.03.1010', '14.07.03', 'Banjar XII', 'kelurahan', NULL, '2026-06-06 10:40:20'),
('14.07.03.1019', '14.07.03', 'Cempedak Rahuk', 'kelurahan', NULL, '2026-06-06 10:40:20'),
('14.07.03.2001', '14.07.03', 'Ujung Tanjung', 'desa', NULL, '2026-06-06 10:40:20'),
('14.07.03.2002', '14.07.03', 'Rantau Bais', 'desa', NULL, '2026-06-06 10:40:20'),
('14.07.03.2005', '14.07.03', 'Sekeladi', 'desa', NULL, '2026-06-06 10:40:20'),
('14.07.03.2006', '14.07.03', 'Teluk Mega', 'desa', NULL, '2026-06-06 10:40:20'),
('14.07.03.2008', '14.07.03', 'Putat', 'desa', NULL, '2026-06-06 10:40:20'),
('14.07.03.2009', '14.07.03', 'Sintong', 'desa', NULL, '2026-06-06 10:40:20'),
('14.07.03.2011', '14.07.03', 'Mumugo', 'desa', NULL, '2026-06-06 10:40:20'),
('14.07.03.2012', '14.07.03', 'Teluk Berembun', 'desa', NULL, '2026-06-06 10:40:20'),
('14.07.03.2013', '14.07.03', 'Menggala Sakti', 'desa', NULL, '2026-06-06 10:40:20'),
('14.07.03.2014', '14.07.03', 'Sekeladi Hilir', 'desa', NULL, '2026-06-06 10:40:20'),
('14.07.03.2015', '14.07.03', 'Menggala Sempurna', 'desa', NULL, '2026-06-06 10:40:20'),
('14.07.03.2016', '14.07.03', 'Sintong Pusaka', 'desa', NULL, '2026-06-06 10:40:20'),
('14.07.03.2017', '14.07.03', 'Sintong Bakti', 'desa', NULL, '2026-06-06 10:40:20'),
('14.07.03.2018', '14.07.03', 'Sintong Makmur', 'desa', NULL, '2026-06-06 10:40:20'),
('14.07.04.1001', '14.07.04', 'Rimba Melintang', 'kelurahan', NULL, '2026-06-06 10:40:20'),
('14.07.04.2002', '14.07.04', 'Jumrah', 'desa', NULL, '2026-06-06 10:40:20'),
('14.07.04.2003', '14.07.04', 'Telukpulau Hilir', 'desa', NULL, '2026-06-06 10:40:20'),
('14.07.04.2004', '14.07.04', 'Telukpulau Hulu', 'desa', NULL, '2026-06-06 10:40:20'),
('14.07.04.2005', '14.07.04', 'Langgadai Hulu', 'desa', NULL, '2026-06-06 10:40:20'),
('14.07.04.2006', '14.07.04', 'Lenggadai Hilir', 'desa', NULL, '2026-06-06 10:40:20'),
('14.07.04.2007', '14.07.04', 'Mukti Jaya', 'desa', NULL, '2026-06-06 10:40:20'),
('14.07.04.2008', '14.07.04', 'Karya Mukti', 'desa', NULL, '2026-06-06 10:40:20'),
('14.07.04.2009', '14.07.04', 'Harapan Jaya', 'desa', NULL, '2026-06-06 10:40:20'),
('14.07.04.2010', '14.07.04', 'Seremban Jaya', 'desa', NULL, '2026-06-06 10:40:20'),
('14.07.04.2011', '14.07.04', 'Pematang Botam', 'desa', NULL, '2026-06-06 10:40:20'),
('14.07.04.2012', '14.07.04', 'Pematang Sikek', 'desa', NULL, '2026-06-06 10:40:20'),
('14.07.05.1018', '14.07.05', 'Bagan Batu Kota', 'kelurahan', NULL, '2026-06-06 10:40:20'),
('14.07.05.1019', '14.07.05', 'Bahtera Makmur Kota', 'kelurahan', NULL, '2026-06-06 10:40:20'),
('14.07.05.2002', '14.07.05', 'Bagan Batu', 'desa', NULL, '2026-06-06 10:40:20'),
('14.07.05.2003', '14.07.05', 'Bahtera Makmur', 'desa', NULL, '2026-06-06 10:40:20'),
('14.07.05.2007', '14.07.05', 'Pelita', 'desa', NULL, '2026-06-06 10:40:20'),
('14.07.05.2008', '14.07.05', 'Gelora', 'desa', NULL, '2026-06-06 10:40:20'),
('14.07.05.2015', '14.07.05', 'Suka Maju', 'desa', NULL, '2026-06-06 10:40:20'),
('14.07.05.2016', '14.07.05', 'Bagan Manunggal', 'desa', NULL, '2026-06-06 10:40:20'),
('14.07.05.2017', '14.07.05', 'Bagan Sapta Permai', 'desa', NULL, '2026-06-06 10:40:20'),
('14.07.05.2025', '14.07.05', 'Bakti Makmur', 'desa', NULL, '2026-06-06 10:40:20'),
('14.07.05.2028', '14.07.05', 'Jaya Agung', 'desa', NULL, '2026-06-06 10:40:20'),
('14.07.05.2030', '14.07.05', 'Meranti Makmur', 'desa', NULL, '2026-06-06 10:40:20'),
('14.07.05.2031', '14.07.05', 'Bhayangkara Jaya', 'desa', NULL, '2026-06-06 10:40:20'),
('14.07.06.1007', '14.07.06', 'Panipahan', 'kelurahan', NULL, '2026-06-06 10:40:20'),
('14.07.06.2001', '14.07.06', 'Panipahan', 'desa', NULL, '2026-06-06 10:40:20'),
('14.07.06.2002', '14.07.06', 'Telukpulai', 'desa', NULL, '2026-06-06 10:40:20'),
('14.07.06.2003', '14.07.06', 'Pasir Limau Kapas', 'desa', NULL, '2026-06-06 10:40:20'),
('14.07.06.2004', '14.07.06', 'Sungai Daun', 'desa', NULL, '2026-06-06 10:40:20'),
('14.07.06.2005', '14.07.06', 'Panipahan Darat', 'desa', NULL, '2026-06-06 10:40:20'),
('14.07.06.2006', '14.07.06', 'Panipahan Laut', 'desa', NULL, '2026-06-06 10:40:20'),
('14.07.06.2008', '14.07.06', 'Pulaujemur', 'desa', NULL, '2026-06-06 10:40:20'),
('14.07.07.1005', '14.07.07', 'Sinaboi Kota', 'kelurahan', NULL, '2026-06-06 10:40:20'),
('14.07.07.2001', '14.07.07', 'Sinaboi', 'desa', NULL, '2026-06-06 10:40:20'),
('14.07.07.2002', '14.07.07', 'Sei Bakau', 'desa', NULL, '2026-06-06 10:40:20'),
('14.07.07.2003', '14.07.07', 'Raja Bejamu', 'desa', NULL, '2026-06-06 10:40:20'),
('14.07.07.2004', '14.07.07', 'Sungai Nyamuk', 'desa', NULL, '2026-06-06 10:40:20'),
('14.07.07.2006', '14.07.07', 'Darussalam', 'desa', NULL, '2026-06-06 10:40:20'),
('14.07.08.1010', '14.07.08', 'Pujud Selatan', 'kelurahan', NULL, '2026-06-06 10:40:20'),
('14.07.08.2001', '14.07.08', 'Teluk Nayang', 'desa', NULL, '2026-06-06 10:40:20'),
('14.07.08.2002', '14.07.08', 'Pujud', 'desa', NULL, '2026-06-06 10:40:20'),
('14.07.08.2003', '14.07.08', 'Air Hitam', 'desa', NULL, '2026-06-06 10:40:20'),
('14.07.08.2004', '14.07.08', 'Kasang Bangsawan', 'desa', NULL, '2026-06-06 10:40:20'),
('14.07.08.2005', '14.07.08', 'Sungaipinang', 'desa', NULL, '2026-06-06 10:40:20'),
('14.07.08.2008', '14.07.08', 'Siarang-arang', 'desa', NULL, '2026-06-06 10:40:20'),
('14.07.08.2011', '14.07.08', 'Suka Jadi', 'desa', NULL, '2026-06-06 10:40:20'),
('14.07.08.2015', '14.07.08', 'Pujud Utara', 'desa', NULL, '2026-06-06 10:40:20'),
('14.07.08.2016', '14.07.08', 'Babussalam Rokan', 'desa', NULL, '2026-06-06 10:40:20'),
('14.07.08.2017', '14.07.08', 'Perkebunan Siarang-arang', 'desa', NULL, '2026-06-06 10:40:20'),
('14.07.09.1005', '14.07.09', 'Melayu Besar Kota', 'kelurahan', NULL, '2026-06-06 10:40:20'),
('14.07.09.2001', '14.07.09', 'Melayu Besar', 'desa', NULL, '2026-06-06 10:40:20'),
('14.07.09.2002', '14.07.09', 'Melayu Tengah', 'desa', NULL, '2026-06-06 10:40:20'),
('14.07.09.2003', '14.07.09', 'Batu Hampar', 'desa', NULL, '2026-06-06 10:40:20'),
('14.07.09.2004', '14.07.09', 'Mesah', 'desa', NULL, '2026-06-06 10:40:20'),
('14.07.09.2006', '14.07.09', 'Labuhan Papan', 'desa', NULL, '2026-06-06 10:40:20'),
('14.07.10.1001', '14.07.10', 'Bangko Kanan', 'kelurahan', NULL, '2026-06-06 10:40:20'),
('14.07.10.1006', '14.07.10', 'Bangko Kiri', 'kelurahan', NULL, '2026-06-06 10:40:20'),
('14.07.10.2002', '14.07.10', 'Bangko Jaya', 'desa', NULL, '2026-06-06 10:40:20'),
('14.07.10.2003', '14.07.10', 'Bangko Sempurna', 'desa', NULL, '2026-06-06 10:40:20'),
('14.07.10.2004', '14.07.10', 'Bangko Bakti', 'desa', NULL, '2026-06-06 10:40:20'),
('14.07.10.2005', '14.07.10', 'Bangko Pusako', 'desa', NULL, '2026-06-06 10:40:20'),
('14.07.10.2007', '14.07.10', 'Sei Manasib', 'desa', NULL, '2026-06-06 10:40:20'),
('14.07.10.2008', '14.07.10', 'Teluk Bano I', 'desa', NULL, '2026-06-06 10:40:20'),
('14.07.10.2009', '14.07.10', 'Bangko Makmur', 'desa', NULL, '2026-06-06 10:40:20'),
('14.07.10.2010', '14.07.10', 'Pematang Damar', 'desa', NULL, '2026-06-06 10:40:20'),
('14.07.10.2011', '14.07.10', 'Pematang Ibul', 'desa', NULL, '2026-06-06 10:40:20'),
('14.07.10.2012', '14.07.10', 'Bangko Permata', 'desa', NULL, '2026-06-06 10:40:20'),
('14.07.10.2013', '14.07.10', 'Bangko Mukti', 'desa', NULL, '2026-06-06 10:40:20'),
('14.07.10.2014', '14.07.10', 'Bangko Lestari', 'desa', NULL, '2026-06-06 10:40:20'),
('14.07.10.2015', '14.07.10', 'Bangko Balam', 'desa', NULL, '2026-06-06 10:40:20'),
('14.07.10.2016', '14.07.10', 'Bangko Mas Raya', 'desa', NULL, '2026-06-06 10:40:20'),
('14.07.11.1001', '14.07.11', 'Simpang Kanan', 'kelurahan', NULL, '2026-06-06 10:40:20'),
('14.07.11.2002', '14.07.11', 'Kota Parit', 'desa', NULL, '2026-06-06 10:40:20'),
('14.07.11.2003', '14.07.11', 'Bagan Nibung', 'desa', NULL, '2026-06-06 10:40:20');
INSERT INTO `kelurahan` (`id_kelurahan`, `id_kecamatan`, `nama`, `jenis`, `kode_pos`, `created_at`) VALUES
('14.07.11.2004', '14.07.11', 'Bukit Damar', 'desa', NULL, '2026-06-06 10:40:20'),
('14.07.11.2005', '14.07.11', 'Bukit Mas', 'desa', NULL, '2026-06-06 10:40:20'),
('14.07.11.2006', '14.07.11', 'Bukit Selamat', 'desa', NULL, '2026-06-06 10:40:20'),
('14.07.12.1004', '14.07.12', 'Bantayan Hilir', 'kelurahan', NULL, '2026-06-06 10:40:20'),
('14.07.12.2001', '14.07.12', 'Bantaian', 'desa', NULL, '2026-06-06 10:40:20'),
('14.07.12.2002', '14.07.12', 'Sungaisialang', 'desa', NULL, '2026-06-06 10:40:20'),
('14.07.12.2003', '14.07.12', 'Bantayan Baru', 'desa', NULL, '2026-06-06 10:40:20'),
('14.07.12.2005', '14.07.12', 'Sungaisialang Hulu', 'desa', NULL, '2026-06-06 10:40:20'),
('14.07.13.1002', '14.07.13', 'Rantau Kopar', 'kelurahan', NULL, '2026-06-06 10:40:20'),
('14.07.13.1003', '14.07.13', 'Sungai Rangau', 'kelurahan', NULL, '2026-06-06 10:40:20'),
('14.07.13.2001', '14.07.13', 'Sekapas', 'desa', NULL, '2026-06-06 10:40:20'),
('14.07.13.2004', '14.07.13', 'Bagan Cempedak', 'desa', NULL, '2026-06-06 10:40:20'),
('14.07.14.2001', '14.07.14', 'Pedamaran', 'desa', NULL, '2026-06-06 10:40:20'),
('14.07.14.2002', '14.07.14', 'Rokan Baru', 'desa', NULL, '2026-06-06 10:40:20'),
('14.07.14.2003', '14.07.14', 'Sei Besar', 'desa', NULL, '2026-06-06 10:40:20'),
('14.07.14.2004', '14.07.14', 'Suak Temenggung', 'desa', NULL, '2026-06-06 10:40:20'),
('14.07.14.2005', '14.07.14', 'Teluk Bano II', 'desa', NULL, '2026-06-06 10:40:20'),
('14.07.14.2006', '14.07.14', 'Pekaitan', 'desa', NULL, '2026-06-06 10:40:20'),
('14.07.14.2007', '14.07.14', 'Suak Air Hitam', 'desa', NULL, '2026-06-06 10:40:20'),
('14.07.14.2008', '14.07.14', 'Kubu I', 'desa', NULL, '2026-06-06 10:40:20'),
('14.07.14.2009', '14.07.14', 'Karyo Mulyo Sari', 'desa', NULL, '2026-06-06 10:40:20'),
('14.07.14.2010', '14.07.14', 'Rokan Baru Pesisir', 'desa', NULL, '2026-06-06 10:40:20'),
('14.07.15.2001', '14.07.15', 'Rantau Panjang Kiri', 'desa', NULL, '2026-06-06 10:40:20'),
('14.07.15.2002', '14.07.15', 'Teluknilap', 'desa', NULL, '2026-06-06 10:40:20'),
('14.07.15.2003', '14.07.15', 'Sungaimajo', 'desa', NULL, '2026-06-06 10:40:20'),
('14.07.15.2004', '14.07.15', 'Sungaipinang', 'desa', NULL, '2026-06-06 10:40:20'),
('14.07.15.2005', '14.07.15', 'Sungaipanji-panji', 'desa', NULL, '2026-06-06 10:40:20'),
('14.07.15.2006', '14.07.15', 'Jojol', 'desa', NULL, '2026-06-06 10:40:20'),
('14.07.15.2007', '14.07.15', 'Pulauhalang Muka', 'desa', NULL, '2026-06-06 10:40:20'),
('14.07.15.2008', '14.07.15', 'Pulauhalang Belakang', 'desa', NULL, '2026-06-06 10:40:20'),
('14.07.15.2009', '14.07.15', 'Rantau Panjang Kiri Hilir', 'desa', NULL, '2026-06-06 10:40:20'),
('14.07.15.2010', '14.07.15', 'Teluknilap Jaya', 'desa', NULL, '2026-06-06 10:40:20'),
('14.07.15.2011', '14.07.15', 'Sungaimajo Pusako', 'desa', NULL, '2026-06-06 10:40:20'),
('14.07.15.2012', '14.07.15', 'Pulauhalang Hulu', 'desa', NULL, '2026-06-06 10:40:20'),
('14.07.16.2001', '14.07.16', 'Tanjung Medan', 'desa', NULL, '2026-06-06 10:40:20'),
('14.07.16.2002', '14.07.16', 'Tanjung Medan Utara', 'desa', NULL, '2026-06-06 10:40:20'),
('14.07.16.2003', '14.07.16', 'Tanjung Medan Barat', 'desa', NULL, '2026-06-06 10:40:20'),
('14.07.16.2004', '14.07.16', 'Sei Meranti', 'desa', NULL, '2026-06-06 10:40:20'),
('14.07.16.2005', '14.07.16', 'Sei Meranti Darussalam', 'desa', NULL, '2026-06-06 10:40:20'),
('14.07.16.2006', '14.07.16', 'Akar Belingkar', 'desa', NULL, '2026-06-06 10:40:20'),
('14.07.16.2007', '14.07.16', 'Tangga Batu', 'desa', NULL, '2026-06-06 10:40:20'),
('14.07.16.2008', '14.07.16', 'Perkebunan Tanjung Medan', 'desa', NULL, '2026-06-06 10:40:20'),
('14.07.16.2009', '14.07.16', 'Sri Kayangan', 'desa', NULL, '2026-06-06 10:40:20'),
('14.07.16.2010', '14.07.16', 'Pondok Kresek', 'desa', NULL, '2026-06-06 10:40:20'),
('14.07.16.2011', '14.07.16', 'Sungai Tapah', 'desa', NULL, '2026-06-06 10:40:20'),
('14.07.16.2012', '14.07.16', 'Tanjung Sari', 'desa', NULL, '2026-06-06 10:40:20'),
('14.07.17.1001', '14.07.17', 'Bagan Sinembah Kota', 'kelurahan', NULL, '2026-06-06 10:40:20'),
('14.07.17.2002', '14.07.17', 'Bagan Sinembah', 'desa', NULL, '2026-06-06 10:40:20'),
('14.07.17.2003', '14.07.17', 'Harapan Makmur Selatan', 'desa', NULL, '2026-06-06 10:40:20'),
('14.07.17.2004', '14.07.17', 'Harapan Makmur', 'desa', NULL, '2026-06-06 10:40:20'),
('14.07.17.2005', '14.07.17', 'Makmur Jaya', 'desa', NULL, '2026-06-06 10:40:20'),
('14.07.17.2006', '14.07.17', 'Salak', 'desa', NULL, '2026-06-06 10:40:20'),
('14.07.17.2007', '14.07.17', 'Panca Mukti', 'desa', NULL, '2026-06-06 10:40:20'),
('14.07.17.2008', '14.07.17', 'Bagansinembah Timur', 'desa', NULL, '2026-06-06 10:40:20'),
('14.07.17.2009', '14.07.17', 'Bagansinembah Utara', 'desa', NULL, '2026-06-06 10:40:20'),
('14.07.17.2010', '14.07.17', 'Bagansinembah Barat', 'desa', NULL, '2026-06-06 10:40:20'),
('14.07.18.1001', '14.07.18', 'Balai Jaya Kota', 'kelurahan', NULL, '2026-06-06 10:40:20'),
('14.07.18.1002', '14.07.18', 'Balam Sempurna Kota', 'kelurahan', NULL, '2026-06-06 10:40:20'),
('14.07.18.2003', '14.07.18', 'Balam Jaya', 'desa', NULL, '2026-06-06 10:40:20'),
('14.07.18.2004', '14.07.18', 'Balai Jaya', 'desa', NULL, '2026-06-06 10:40:20'),
('14.07.18.2005', '14.07.18', 'Balam Sempurna', 'desa', NULL, '2026-06-06 10:40:20'),
('14.07.18.2006', '14.07.18', 'Bagan Bhakti', 'desa', NULL, '2026-06-06 10:40:20'),
('14.07.18.2007', '14.07.18', 'Kencana', 'desa', NULL, '2026-06-06 10:40:20'),
('14.07.18.2008', '14.07.18', 'Pasir Putih', 'desa', NULL, '2026-06-06 10:40:20'),
('14.07.18.2009', '14.07.18', 'Pasir Putih Utara', 'desa', NULL, '2026-06-06 10:40:20'),
('14.07.18.2010', '14.07.18', 'Pasir Putih Barat', 'desa', NULL, '2026-06-06 10:40:20'),
('14.07.18.2011', '14.07.18', 'Lubuk Jawi', 'desa', NULL, '2026-06-06 10:40:20'),
('14.08.01.1001', '14.08.01', 'Kampung Dalam', 'kelurahan', NULL, '2026-06-06 10:40:20'),
('14.08.01.1002', '14.08.01', 'Kampung Rempak', 'kelurahan', NULL, '2026-06-06 10:40:20'),
('14.08.01.2003', '14.08.01', 'Langkai', 'desa', NULL, '2026-06-06 10:40:20'),
('14.08.01.2011', '14.08.01', 'Tumang', 'desa', NULL, '2026-06-06 10:40:20'),
('14.08.01.2012', '14.08.01', 'Merempan Hulu', 'desa', NULL, '2026-06-06 10:40:20'),
('14.08.01.2013', '14.08.01', 'Rawang Air Putih', 'desa', NULL, '2026-06-06 10:40:20'),
('14.08.01.2014', '14.08.01', 'Suak Lanjut', 'desa', NULL, '2026-06-06 10:40:20'),
('14.08.01.2015', '14.08.01', 'Buantan Besar', 'desa', NULL, '2026-06-06 10:40:20'),
('14.08.02.1001', '14.08.02', 'Sungai Apit', 'kelurahan', NULL, '2026-06-06 10:40:20'),
('14.08.02.2002', '14.08.02', 'Teluk Lanus', 'desa', NULL, '2026-06-06 10:40:20'),
('14.08.02.2003', '14.08.02', 'Tanjung Kuras', 'desa', NULL, '2026-06-06 10:40:20'),
('14.08.02.2004', '14.08.02', 'Parit I/II', 'desa', NULL, '2026-06-06 10:40:20'),
('14.08.02.2005', '14.08.02', 'Teluk Mesjid', 'desa', NULL, '2026-06-06 10:40:20'),
('14.08.02.2008', '14.08.02', 'Sungai Kayu Ara', 'desa', NULL, '2026-06-06 10:40:20'),
('14.08.02.2009', '14.08.02', 'Lalang', 'desa', NULL, '2026-06-06 10:40:20'),
('14.08.02.2010', '14.08.02', 'Mengkapan', 'desa', NULL, '2026-06-06 10:40:20'),
('14.08.02.2011', '14.08.02', 'Sungai Rawa', 'desa', NULL, '2026-06-06 10:40:20'),
('14.08.02.2012', '14.08.02', 'Penyengat', 'desa', NULL, '2026-06-06 10:40:20'),
('14.08.02.2014', '14.08.02', 'Teluk Batil', 'desa', NULL, '2026-06-06 10:40:20'),
('14.08.02.2016', '14.08.02', 'Bunsur', 'desa', NULL, '2026-06-06 10:40:20'),
('14.08.02.2017', '14.08.02', 'Harapan', 'desa', NULL, '2026-06-06 10:40:20'),
('14.08.02.2019', '14.08.02', 'Kayu Ara Permai', 'desa', NULL, '2026-06-06 10:40:20'),
('14.08.02.2020', '14.08.02', 'Rawa Mekar Jaya', 'desa', NULL, '2026-06-06 10:40:20'),
('14.08.03.1001', '14.08.03', 'Minas Jaya', 'kelurahan', NULL, '2026-06-06 10:40:20'),
('14.08.03.2002', '14.08.03', 'Minas Timur', 'desa', NULL, '2026-06-06 10:40:20'),
('14.08.03.2003', '14.08.03', 'Minas Barat', 'desa', NULL, '2026-06-06 10:40:20'),
('14.08.03.2004', '14.08.03', 'Mandi Angin', 'desa', NULL, '2026-06-06 10:40:20'),
('14.08.03.2005', '14.08.03', 'Rantau Bertuah', 'desa', NULL, '2026-06-06 10:40:20'),
('14.08.04.1001', '14.08.04', 'Perawang', 'kelurahan', NULL, '2026-06-06 10:40:20'),
('14.08.04.2002', '14.08.04', 'Tualang', 'desa', NULL, '2026-06-06 10:40:20'),
('14.08.04.2003', '14.08.04', 'Pinang Sebatang', 'desa', NULL, '2026-06-06 10:40:20'),
('14.08.04.2004', '14.08.04', 'Meredan', 'desa', NULL, '2026-06-06 10:40:20'),
('14.08.04.2005', '14.08.04', 'Pinang Sebatang Timur', 'desa', NULL, '2026-06-06 10:40:20'),
('14.08.04.2006', '14.08.04', 'Pinang Sebatang Barat', 'desa', NULL, '2026-06-06 10:40:20'),
('14.08.04.2007', '14.08.04', 'Meredan Barat', 'desa', NULL, '2026-06-06 10:40:20'),
('14.08.04.2008', '14.08.04', 'Perawang Barat', 'desa', NULL, '2026-06-06 10:40:20'),
('14.08.04.2009', '14.08.04', 'Tualang Timur', 'desa', NULL, '2026-06-06 10:40:20'),
('14.08.05.2001', '14.08.05', 'Muara Kelantan', 'desa', NULL, '2026-06-06 10:40:20'),
('14.08.05.2002', '14.08.05', 'Teluk Lancang', 'desa', NULL, '2026-06-06 10:40:20'),
('14.08.05.2003', '14.08.05', 'Sungai Selodang', 'desa', NULL, '2026-06-06 10:40:20'),
('14.08.05.2004', '14.08.05', 'Olak', 'desa', NULL, '2026-06-06 10:40:20'),
('14.08.05.2005', '14.08.05', 'Lubuk Jering', 'desa', NULL, '2026-06-06 10:40:20'),
('14.08.05.2006', '14.08.05', 'Muara Bungkal', 'desa', NULL, '2026-06-06 10:40:20'),
('14.08.05.2007', '14.08.05', 'Lubuk Umbut', 'desa', NULL, '2026-06-06 10:40:20'),
('14.08.05.2008', '14.08.05', 'Bencah Umbai', 'desa', NULL, '2026-06-06 10:40:20'),
('14.08.05.2009', '14.08.05', 'Tasik Betung', 'desa', NULL, '2026-06-06 10:40:20'),
('14.08.06.2001', '14.08.06', 'Dayun', 'desa', NULL, '2026-06-06 10:40:20'),
('14.08.06.2002', '14.08.06', 'Banjar Seminai', 'desa', NULL, '2026-06-06 10:40:20'),
('14.08.06.2003', '14.08.06', 'Teluk Merbau', 'desa', NULL, '2026-06-06 10:40:20'),
('14.08.06.2004', '14.08.06', 'Merangkai', 'desa', NULL, '2026-06-06 10:40:20'),
('14.08.06.2005', '14.08.06', 'Lubuk Tilan', 'desa', NULL, '2026-06-06 10:40:20'),
('14.08.06.2006', '14.08.06', 'Berumbung Baru', 'desa', NULL, '2026-06-06 10:40:20'),
('14.08.06.2007', '14.08.06', 'Pangkalan Makmur', 'desa', NULL, '2026-06-06 10:40:20'),
('14.08.06.2008', '14.08.06', 'Buana Makmur', 'desa', NULL, '2026-06-06 10:40:20'),
('14.08.06.2009', '14.08.06', 'Suka Mulya', 'desa', NULL, '2026-06-06 10:40:20'),
('14.08.06.2010', '14.08.06', 'Sawit Permai', 'desa', NULL, '2026-06-06 10:40:20'),
('14.08.06.2011', '14.08.06', 'Sialang Sakti', 'desa', NULL, '2026-06-06 10:40:20'),
('14.08.07.2001', '14.08.07', 'Kerinci Kanan', 'desa', NULL, '2026-06-06 10:40:20'),
('14.08.07.2002', '14.08.07', 'Kerinci Kiri', 'desa', NULL, '2026-06-06 10:40:20'),
('14.08.07.2003', '14.08.07', 'Buana Bakti', 'desa', NULL, '2026-06-06 10:40:20'),
('14.08.07.2004', '14.08.07', 'Bukit Harapan', 'desa', NULL, '2026-06-06 10:40:20'),
('14.08.07.2005', '14.08.07', 'Kumbara Utama', 'desa', NULL, '2026-06-06 10:40:20'),
('14.08.07.2006', '14.08.07', 'Bukit Agung', 'desa', NULL, '2026-06-06 10:40:20'),
('14.08.07.2008', '14.08.07', 'Simpang Perak Jaya', 'desa', NULL, '2026-06-06 10:40:20'),
('14.08.07.2009', '14.08.07', 'Buatan Baru', 'desa', NULL, '2026-06-06 10:40:20'),
('14.08.07.2010', '14.08.07', 'Gabung Makmur', 'desa', NULL, '2026-06-06 10:40:20'),
('14.08.07.2011', '14.08.07', 'Jati Mulya', 'desa', NULL, '2026-06-06 10:40:20'),
('14.08.07.2012', '14.08.07', 'Seminai', 'desa', NULL, '2026-06-06 10:40:20'),
('14.08.07.2013', '14.08.07', 'Delima Jaya', 'desa', NULL, '2026-06-06 10:40:20'),
('14.08.08.2001', '14.08.08', 'Bunga Raya', 'desa', NULL, '2026-06-06 10:40:20'),
('14.08.08.2002', '14.08.08', 'Jati Baru', 'desa', NULL, '2026-06-06 10:40:20'),
('14.08.08.2003', '14.08.08', 'Jayapura', 'desa', NULL, '2026-06-06 10:40:20'),
('14.08.08.2011', '14.08.08', 'Kemuning Muda', 'desa', NULL, '2026-06-06 10:40:20'),
('14.08.08.2012', '14.08.08', 'Buatan Lestari', 'desa', NULL, '2026-06-06 10:40:20'),
('14.08.08.2013', '14.08.08', 'Tuah Indrapura', 'desa', NULL, '2026-06-06 10:40:20'),
('14.08.08.2014', '14.08.08', 'Langsat Permai', 'desa', NULL, '2026-06-06 10:40:20'),
('14.08.08.2015', '14.08.08', 'Temusai', 'desa', NULL, '2026-06-06 10:40:20'),
('14.08.08.2016', '14.08.08', 'Dayang Suri', 'desa', NULL, '2026-06-06 10:40:20'),
('14.08.08.2017', '14.08.08', 'Suak Merambai', 'desa', NULL, '2026-06-06 10:40:20'),
('14.08.09.2001', '14.08.09', 'Pangkalan Pisang', 'desa', NULL, '2026-06-06 10:40:20'),
('14.08.09.2002', '14.08.09', 'Kuala Gasib', 'desa', NULL, '2026-06-06 10:40:20'),
('14.08.09.2003', '14.08.09', 'Teluk Rimba', 'desa', NULL, '2026-06-06 10:40:20'),
('14.08.09.2004', '14.08.09', 'Buatan I', 'desa', NULL, '2026-06-06 10:40:20'),
('14.08.09.2005', '14.08.09', 'Buatan II', 'desa', NULL, '2026-06-06 10:40:20'),
('14.08.09.2006', '14.08.09', 'Sengkemang', 'desa', NULL, '2026-06-06 10:40:20'),
('14.08.09.2007', '14.08.09', 'Rantau Panjang', 'desa', NULL, '2026-06-06 10:40:20'),
('14.08.09.2008', '14.08.09', 'Empang Pandan', 'desa', NULL, '2026-06-06 10:40:20'),
('14.08.09.2009', '14.08.09', 'Keranji Guguh', 'desa', NULL, '2026-06-06 10:40:20'),
('14.08.09.2010', '14.08.09', 'Sri Gemilang', 'desa', NULL, '2026-06-06 10:40:20'),
('14.08.09.2011', '14.08.09', 'Tasik Seminai', 'desa', NULL, '2026-06-06 10:40:20'),
('14.08.10.1001', '14.08.10', 'Simpang Belutu', 'kelurahan', NULL, '2026-06-06 10:40:20'),
('14.08.10.1002', '14.08.10', 'Telaga Sam-sam', 'kelurahan', NULL, '2026-06-06 10:40:20'),
('14.08.10.1003', '14.08.10', 'Kandis Kota', 'kelurahan', NULL, '2026-06-06 10:40:20'),
('14.08.10.2004', '14.08.10', 'Belutu', 'desa', NULL, '2026-06-06 10:40:20'),
('14.08.10.2005', '14.08.10', 'Kandis', 'desa', NULL, '2026-06-06 10:40:20'),
('14.08.10.2006', '14.08.10', 'Sam-Sam', 'desa', NULL, '2026-06-06 10:40:20'),
('14.08.10.2007', '14.08.10', 'Bekalar', 'desa', NULL, '2026-06-06 10:40:20'),
('14.08.10.2008', '14.08.10', 'Jambai Makmur', 'desa', NULL, '2026-06-06 10:40:20'),
('14.08.10.2009', '14.08.10', 'Sungai Gondang', 'desa', NULL, '2026-06-06 10:40:20'),
('14.08.10.2010', '14.08.10', 'Pencing Bekulo', 'desa', NULL, '2026-06-06 10:40:20'),
('14.08.10.2011', '14.08.10', 'Libo Jaya', 'desa', NULL, '2026-06-06 10:40:20'),
('14.08.11.2001', '14.08.11', 'Lubuk Dalam', 'desa', NULL, '2026-06-06 10:40:20'),
('14.08.11.2002', '14.08.11', 'Rawang Kao', 'desa', NULL, '2026-06-06 10:40:20'),
('14.08.11.2003', '14.08.11', 'Sri Gading', 'desa', NULL, '2026-06-06 10:40:20'),
('14.08.11.2004', '14.08.11', 'Sialang Baru', 'desa', NULL, '2026-06-06 10:40:20'),
('14.08.11.2005', '14.08.11', 'Sialang Palas', 'desa', NULL, '2026-06-06 10:40:20'),
('14.08.11.2006', '14.08.11', 'Empang Baru', 'desa', NULL, '2026-06-06 10:40:20'),
('14.08.11.2007', '14.08.11', 'Rawang Kao Barat', 'desa', NULL, '2026-06-06 10:40:20'),
('14.08.12.2001', '14.08.12', 'Bandar Sungai', 'desa', NULL, '2026-06-06 10:40:20'),
('14.08.12.2002', '14.08.12', 'Rempak', 'desa', NULL, '2026-06-06 10:40:20'),
('14.08.12.2003', '14.08.12', 'Belading', 'desa', NULL, '2026-06-06 10:40:20'),
('14.08.12.2004', '14.08.12', 'Sungai Tengah', 'desa', NULL, '2026-06-06 10:40:20'),
('14.08.12.2005', '14.08.12', 'Laksamana', 'desa', NULL, '2026-06-06 10:40:20'),
('14.08.12.2006', '14.08.12', 'Sabak Permai', 'desa', NULL, '2026-06-06 10:40:20'),
('14.08.12.2007', '14.08.12', 'Bandar Pedada', 'desa', NULL, '2026-06-06 10:40:20'),
('14.08.12.2008', '14.08.12', 'Selat Guntung', 'desa', NULL, '2026-06-06 10:40:20'),
('14.08.13.1006', '14.08.13', 'Sungaimempura', 'kelurahan', NULL, '2026-06-06 10:40:20'),
('14.08.13.2001', '14.08.13', 'Kota Ringin', 'desa', NULL, '2026-06-06 10:40:20'),
('14.08.13.2002', '14.08.13', 'Paluh', 'desa', NULL, '2026-06-06 10:40:20'),
('14.08.13.2003', '14.08.13', 'Benteng Hilir', 'desa', NULL, '2026-06-06 10:40:20'),
('14.08.13.2004', '14.08.13', 'Benteng Hulu', 'desa', NULL, '2026-06-06 10:40:20'),
('14.08.13.2005', '14.08.13', 'Kampung Tengah', 'desa', NULL, '2026-06-06 10:40:20'),
('14.08.13.2007', '14.08.13', 'Merempan Hilir', 'desa', NULL, '2026-06-06 10:40:20'),
('14.08.13.2008', '14.08.13', 'Telukmerempan', 'desa', NULL, '2026-06-06 10:40:20'),
('14.08.14.2001', '14.08.14', 'Sungai Berbari', 'desa', NULL, '2026-06-06 10:40:20'),
('14.08.14.2002', '14.08.14', 'Sungai Limau', 'desa', NULL, '2026-06-06 10:40:20'),
('14.08.14.2003', '14.08.14', 'Dosan', 'desa', NULL, '2026-06-06 10:40:20'),
('14.08.14.2004', '14.08.14', 'Benayah', 'desa', NULL, '2026-06-06 10:40:20'),
('14.08.14.2005', '14.08.14', 'Pebadaran', 'desa', NULL, '2026-06-06 10:40:20'),
('14.08.14.2006', '14.08.14', 'Dusun Pusaka', 'desa', NULL, '2026-06-06 10:40:20'),
('14.08.14.2007', '14.08.14', 'Perincit', 'desa', NULL, '2026-06-06 10:40:20'),
('14.09.01.1012', '14.09.01', 'Pasar Lubuk Jambi', 'kelurahan', NULL, '2026-06-06 10:40:20'),
('14.09.01.2004', '14.09.01', 'Air Buluh', 'desa', NULL, '2026-06-06 10:40:20'),
('14.09.01.2005', '14.09.01', 'Pantai', 'desa', NULL, '2026-06-06 10:40:20'),
('14.09.01.2007', '14.09.01', 'Lubuk Ramo', 'desa', NULL, '2026-06-06 10:40:20'),
('14.09.01.2008', '14.09.01', 'Seberang Cengar', 'desa', NULL, '2026-06-06 10:40:20'),
('14.09.01.2009', '14.09.01', 'Koto Cengar', 'desa', NULL, '2026-06-06 10:40:20'),
('14.09.01.2010', '14.09.01', 'Sangau', 'desa', NULL, '2026-06-06 10:40:20'),
('14.09.01.2011', '14.09.01', 'Banjar Padang', 'desa', NULL, '2026-06-06 10:40:20'),
('14.09.01.2013', '14.09.01', 'Kasang', 'desa', NULL, '2026-06-06 10:40:20'),
('14.09.01.2014', '14.09.01', 'Koto Lubuk Jambi', 'desa', NULL, '2026-06-06 10:40:20'),
('14.09.01.2015', '14.09.01', 'Pulaubinjai', 'desa', NULL, '2026-06-06 10:40:20'),
('14.09.01.2016', '14.09.01', 'Seberang Pantai', 'desa', NULL, '2026-06-06 10:40:20'),
('14.09.01.2017', '14.09.01', 'Rantau Sialang', 'desa', NULL, '2026-06-06 10:40:20'),
('14.09.01.2018', '14.09.01', 'Luai', 'desa', NULL, '2026-06-06 10:40:20'),
('14.09.01.2019', '14.09.01', 'Banjar Guntung', 'desa', NULL, '2026-06-06 10:40:20'),
('14.09.01.2020', '14.09.01', 'Bukitpedusunan', 'desa', NULL, '2026-06-06 10:40:20'),
('14.09.01.2021', '14.09.01', 'Saik', 'desa', NULL, '2026-06-06 10:40:20'),
('14.09.01.2022', '14.09.01', 'Pebaun Hulu', 'desa', NULL, '2026-06-06 10:40:20'),
('14.09.01.2023', '14.09.01', 'Pebaun Hilir', 'desa', NULL, '2026-06-06 10:40:20'),
('14.09.01.2024', '14.09.01', 'Kinali', 'desa', NULL, '2026-06-06 10:40:20'),
('14.09.01.2025', '14.09.01', 'Bukit Kauman', 'desa', NULL, '2026-06-06 10:40:20'),
('14.09.01.2026', '14.09.01', 'Aur Duri', 'desa', NULL, '2026-06-06 10:40:20'),
('14.09.01.2027', '14.09.01', 'Sungaimanau', 'desa', NULL, '2026-06-06 10:40:20'),
('14.09.01.2030', '14.09.01', 'Muaro Tombang', 'desa', NULL, '2026-06-06 10:40:20'),
('14.09.02.1016', '14.09.02', 'Pasar Teluk', 'kelurahan', NULL, '2026-06-06 10:40:20'),
('14.09.02.1018', '14.09.02', 'Simpang Tiga', 'kelurahan', NULL, '2026-06-06 10:40:20'),
('14.09.02.1025', '14.09.02', 'Sungaijering', 'kelurahan', NULL, '2026-06-06 10:40:20'),
('14.09.02.2001', '14.09.02', 'Bandar Alai', 'desa', NULL, '2026-06-06 10:40:20'),
('14.09.02.2002', '14.09.02', 'Pulaukedundung', 'desa', NULL, '2026-06-06 10:40:20'),
('14.09.02.2003', '14.09.02', 'Pulauaro', 'desa', NULL, '2026-06-06 10:40:20'),
('14.09.02.2004', '14.09.02', 'Seberang Taluk', 'desa', NULL, '2026-06-06 10:40:20'),
('14.09.02.2005', '14.09.02', 'Pulau Baru', 'desa', NULL, '2026-06-06 10:40:20'),
('14.09.02.2006', '14.09.02', 'Koto Tuo', 'desa', NULL, '2026-06-06 10:40:20'),
('14.09.02.2007', '14.09.02', 'Kopah', 'desa', NULL, '2026-06-06 10:40:20'),
('14.09.02.2008', '14.09.02', 'Munsalo', 'desa', NULL, '2026-06-06 10:40:20'),
('14.09.02.2014', '14.09.02', 'Sawah', 'desa', NULL, '2026-06-06 10:40:20'),
('14.09.02.2015', '14.09.02', 'Koto Taluk', 'desa', NULL, '2026-06-06 10:40:20'),
('14.09.02.2017', '14.09.02', 'Koto Kari', 'desa', NULL, '2026-06-06 10:40:20'),
('14.09.02.2019', '14.09.02', 'Pintu Gobang', 'desa', NULL, '2026-06-06 10:40:20'),
('14.09.02.2020', '14.09.02', 'Jake', 'desa', NULL, '2026-06-06 10:40:20'),
('14.09.02.2021', '14.09.02', 'Pulau Godang Kari', 'desa', NULL, '2026-06-06 10:40:20'),
('14.09.02.2022', '14.09.02', 'Jaya', 'desa', NULL, '2026-06-06 10:40:20'),
('14.09.02.2023', '14.09.02', 'Beringin Taluk', 'desa', NULL, '2026-06-06 10:40:20'),
('14.09.02.2024', '14.09.02', 'Sitorajo', 'desa', NULL, '2026-06-06 10:40:20'),
('14.09.02.2026', '14.09.02', 'Seberang Taluk Hilir', 'desa', NULL, '2026-06-06 10:40:20'),
('14.09.02.2027', '14.09.02', 'Titian Modang Kopah', 'desa', NULL, '2026-06-06 10:40:20'),
('14.09.02.2028', '14.09.02', 'Pulaubanjar Kari', 'desa', NULL, '2026-06-06 10:40:20'),
('14.09.03.1003', '14.09.03', 'Muara Lembu', 'kelurahan', NULL, '2026-06-06 10:40:20'),
('14.09.03.2001', '14.09.03', 'Pangkalan Indarung', 'desa', NULL, '2026-06-06 10:40:20'),
('14.09.03.2002', '14.09.03', 'Pulaupadang', 'desa', NULL, '2026-06-06 10:40:20'),
('14.09.03.2004', '14.09.03', 'Logas', 'desa', NULL, '2026-06-06 10:40:20'),
('14.09.03.2005', '14.09.03', 'Kebun Lado', 'desa', NULL, '2026-06-06 10:40:20'),
('14.09.03.2006', '14.09.03', 'Sungaikuning', 'desa', NULL, '2026-06-06 10:40:20'),
('14.09.03.2007', '14.09.03', 'Sungaisirih', 'desa', NULL, '2026-06-06 10:40:20'),
('14.09.03.2008', '14.09.03', 'Sungaibawang', 'desa', NULL, '2026-06-06 10:40:20'),
('14.09.03.2009', '14.09.03', 'Air Emas', 'desa', NULL, '2026-06-06 10:40:20'),
('14.09.03.2010', '14.09.03', 'Pasir Emas', 'desa', NULL, '2026-06-06 10:40:20'),
('14.09.03.2011', '14.09.03', 'Petai Baru', 'desa', NULL, '2026-06-06 10:40:20'),
('14.09.03.2012', '14.09.03', 'Sungaikeranji', 'desa', NULL, '2026-06-06 10:40:20'),
('14.09.03.2013', '14.09.03', 'Sumber Datar', 'desa', NULL, '2026-06-06 10:40:20'),
('14.09.03.2014', '14.09.03', 'Logas Hilir', 'desa', NULL, '2026-06-06 10:40:20'),
('14.09.04.1001', '14.09.04', 'Pasar Usang', 'kelurahan', NULL, '2026-06-06 10:40:20'),
('14.09.04.1002', '14.09.04', 'Pasar Baru', 'kelurahan', NULL, '2026-06-06 10:40:20'),
('14.09.04.2003', '14.09.04', 'Simpang Tanah Lapang', 'desa', NULL, '2026-06-06 10:40:20'),
('14.09.04.2004', '14.09.04', 'Rawang Bonto', 'desa', NULL, '2026-06-06 10:40:20'),
('14.09.04.2005', '14.09.04', 'Koto Tuo', 'desa', NULL, '2026-06-06 10:40:20'),
('14.09.04.2006', '14.09.04', 'Banuaran', 'desa', NULL, '2026-06-06 10:40:20'),
('14.09.04.2007', '14.09.04', 'Kampung Madura', 'desa', NULL, '2026-06-06 10:40:20'),
('14.09.04.2009', '14.09.04', 'Pulau Kijang', 'desa', NULL, '2026-06-06 10:40:20'),
('14.09.04.2015', '14.09.04', 'Pulaumadinah', 'desa', NULL, '2026-06-06 10:40:20'),
('14.09.04.2016', '14.09.04', 'Kampung Tengah', 'desa', NULL, '2026-06-06 10:40:20'),
('14.09.04.2017', '14.09.04', 'Kampung Medan', 'desa', NULL, '2026-06-06 10:40:20'),
('14.09.04.2018', '14.09.04', 'Kepala Pulau', 'desa', NULL, '2026-06-06 10:40:20'),
('14.09.04.2019', '14.09.04', 'Teratak Baru', 'desa', NULL, '2026-06-06 10:40:20'),
('14.09.04.2020', '14.09.04', 'Dusun Tuo', 'desa', NULL, '2026-06-06 10:40:20'),
('14.09.04.2028', '14.09.04', 'Gunungmelintang', 'desa', NULL, '2026-06-06 10:40:20'),
('14.09.04.2030', '14.09.04', 'Simpang Pulauberalo', 'desa', NULL, '2026-06-06 10:40:20'),
('14.09.05.1001', '14.09.05', 'Pasar Cerenti', 'kelurahan', NULL, '2026-06-06 10:40:20'),
('14.09.05.1002', '14.09.05', 'Koto Peraku', 'kelurahan', NULL, '2026-06-06 10:40:20'),
('14.09.05.2003', '14.09.05', 'Kompe Berangin', 'desa', NULL, '2026-06-06 10:40:20'),
('14.09.05.2004', '14.09.05', 'Sikakak', 'desa', NULL, '2026-06-06 10:40:20'),
('14.09.05.2005', '14.09.05', 'Kampung Baru', 'desa', NULL, '2026-06-06 10:40:20'),
('14.09.05.2006', '14.09.05', 'Pulaujambu', 'desa', NULL, '2026-06-06 10:40:20'),
('14.09.05.2007', '14.09.05', 'Koto Cerenti', 'desa', NULL, '2026-06-06 10:40:20'),
('14.09.05.2008', '14.09.05', 'Pulaubayur', 'desa', NULL, '2026-06-06 10:40:20'),
('14.09.05.2009', '14.09.05', 'Pulau Panjang Cerenti', 'desa', NULL, '2026-06-06 10:40:20'),
('14.09.05.2010', '14.09.05', 'Pesikaian', 'desa', NULL, '2026-06-06 10:40:20'),
('14.09.05.2011', '14.09.05', 'Telukpauh', 'desa', NULL, '2026-06-06 10:40:20'),
('14.09.05.2012', '14.09.05', 'Tanjungmedan', 'desa', NULL, '2026-06-06 10:40:20'),
('14.09.05.2013', '14.09.05', 'Kampung Baru Timur', 'desa', NULL, '2026-06-06 10:40:20'),
('14.09.06.1001', '14.09.06', 'Benai', 'kelurahan', NULL, '2026-06-06 10:40:20'),
('14.09.06.2003', '14.09.06', 'Banjar Benai', 'desa', NULL, '2026-06-06 10:40:20'),
('14.09.06.2004', '14.09.06', 'Talontom', 'desa', NULL, '2026-06-06 10:40:20'),
('14.09.06.2005', '14.09.06', 'Gunungkesiangan', 'desa', NULL, '2026-06-06 10:40:20'),
('14.09.06.2006', '14.09.06', 'Pulaukalimanting', 'desa', NULL, '2026-06-06 10:40:20'),
('14.09.06.2007', '14.09.06', 'Banjar Lopak', 'desa', NULL, '2026-06-06 10:40:20'),
('14.09.06.2008', '14.09.06', 'Tanjungsimandolak', 'desa', NULL, '2026-06-06 10:40:20'),
('14.09.06.2009', '14.09.06', 'Siberakun', 'desa', NULL, '2026-06-06 10:40:20'),
('14.09.06.2010', '14.09.06', 'Pulautongah', 'desa', NULL, '2026-06-06 10:40:20'),
('14.09.06.2011', '14.09.06', 'Ujung Tanjung', 'desa', NULL, '2026-06-06 10:40:20'),
('14.09.06.2012', '14.09.06', 'Pulauingu', 'desa', NULL, '2026-06-06 10:40:20'),
('14.09.06.2013', '14.09.06', 'Simandolak', 'desa', NULL, '2026-06-06 10:40:20'),
('14.09.06.2014', '14.09.06', 'Tebing Tinggi', 'desa', NULL, '2026-06-06 10:40:20'),
('14.09.06.2015', '14.09.06', 'Pulaulancang', 'desa', NULL, '2026-06-06 10:40:20'),
('14.09.06.2016', '14.09.06', 'Benai Kecil', 'desa', NULL, '2026-06-06 10:40:20'),
('14.09.06.2021', '14.09.06', 'Koto Benai', 'desa', NULL, '2026-06-06 10:40:20'),
('14.09.07.2001', '14.09.07', 'Pulaumungkur', 'desa', NULL, '2026-06-06 10:40:20'),
('14.09.07.2002', '14.09.07', 'Telukberingin', 'desa', NULL, '2026-06-06 10:40:20'),
('14.09.07.2003', '14.09.07', 'Pulaurumput', 'desa', NULL, '2026-06-06 10:40:20'),
('14.09.07.2004', '14.09.07', 'Seberang Gunung', 'desa', NULL, '2026-06-06 10:40:20'),
('14.09.07.2005', '14.09.07', 'Teberau Panjang', 'desa', NULL, '2026-06-06 10:40:20'),
('14.09.07.2006', '14.09.07', 'Koto Gunung', 'desa', NULL, '2026-06-06 10:40:20'),
('14.09.07.2007', '14.09.07', 'Gunung', 'desa', NULL, '2026-06-06 10:40:20'),
('14.09.07.2008', '14.09.07', 'Toar', 'desa', NULL, '2026-06-06 10:40:20'),
('14.09.07.2009', '14.09.07', 'Petapahan', 'desa', NULL, '2026-06-06 10:40:20'),
('14.09.07.2010', '14.09.07', 'Kampung Baru', 'desa', NULL, '2026-06-06 10:40:20'),
('14.09.07.2011', '14.09.07', 'Pisang Berebus', 'desa', NULL, '2026-06-06 10:40:20'),
('14.09.07.2012', '14.09.07', 'Lubuk Terentang', 'desa', NULL, '2026-06-06 10:40:20'),
('14.09.07.2013', '14.09.07', 'Siberobah', 'desa', NULL, '2026-06-06 10:40:20'),
('14.09.07.2014', '14.09.07', 'Seberang Sungai', 'desa', NULL, '2026-06-06 10:40:20'),
('14.09.08.2001', '14.09.08', 'Koto Baru', 'desa', NULL, '2026-06-06 10:40:20'),
('14.09.08.2002', '14.09.08', 'Petai', 'desa', NULL, '2026-06-06 10:40:20'),
('14.09.08.2003', '14.09.08', 'Sungaipaku', 'desa', NULL, '2026-06-06 10:40:20'),
('14.09.08.2004', '14.09.08', 'Tanjungpauh', 'desa', NULL, '2026-06-06 10:40:20'),
('14.09.08.2005', '14.09.08', 'Simpang Raya', 'desa', NULL, '2026-06-06 10:40:20'),
('14.09.08.2006', '14.09.08', 'Sungaibuluh', 'desa', NULL, '2026-06-06 10:40:20'),
('14.09.08.2007', '14.09.08', 'Suka Damai', 'desa', NULL, '2026-06-06 10:40:20'),
('14.09.08.2008', '14.09.08', 'Sumber Jaya', 'desa', NULL, '2026-06-06 10:40:20'),
('14.09.08.2009', '14.09.08', 'Muara Bahan', 'desa', NULL, '2026-06-06 10:40:20'),
('14.09.08.2010', '14.09.08', 'Bukitraya', 'desa', NULL, '2026-06-06 10:40:20'),
('14.09.08.2011', '14.09.08', 'Beringin Jaya', 'desa', NULL, '2026-06-06 10:40:20'),
('14.09.08.2012', '14.09.08', 'Suka Maju', 'desa', NULL, '2026-06-06 10:40:20'),
('14.09.09.2001', '14.09.09', 'Pasar Baru Pangean', 'desa', NULL, '2026-06-06 10:40:20'),
('14.09.09.2002', '14.09.09', 'Koto Pangean', 'desa', NULL, '2026-06-06 10:40:20'),
('14.09.09.2003', '14.09.09', 'Pulaukumpai', 'desa', NULL, '2026-06-06 10:40:20'),
('14.09.09.2004', '14.09.09', 'Pulautongah', 'desa', NULL, '2026-06-06 10:40:20'),
('14.09.09.2005', '14.09.09', 'Pulauderas', 'desa', NULL, '2026-06-06 10:40:20'),
('14.09.09.2006', '14.09.09', 'Telukpauh', 'desa', NULL, '2026-06-06 10:40:20'),
('14.09.09.2007', '14.09.09', 'Tanah Bekali', 'desa', NULL, '2026-06-06 10:40:20'),
('14.09.09.2008', '14.09.09', 'Padang Tanggung', 'desa', NULL, '2026-06-06 10:40:20'),
('14.09.09.2009', '14.09.09', 'Padang Kunik', 'desa', NULL, '2026-06-06 10:40:20'),
('14.09.09.2010', '14.09.09', 'Pembatang', 'desa', NULL, '2026-06-06 10:40:20'),
('14.09.09.2011', '14.09.09', 'Pauh Angit', 'desa', NULL, '2026-06-06 10:40:20'),
('14.09.09.2012', '14.09.09', 'Sukaping', 'desa', NULL, '2026-06-06 10:40:20'),
('14.09.09.2013', '14.09.09', 'Pulaurengas', 'desa', NULL, '2026-06-06 10:40:20'),
('14.09.09.2014', '14.09.09', 'Rawang Binjai', 'desa', NULL, '2026-06-06 10:40:20'),
('14.09.09.2015', '14.09.09', 'Sako', 'desa', NULL, '2026-06-06 10:40:20'),
('14.09.09.2016', '14.09.09', 'Sungailangsat', 'desa', NULL, '2026-06-06 10:40:20'),
('14.09.09.2017', '14.09.09', 'Pauh Angit Hulu', 'desa', NULL, '2026-06-06 10:40:20'),
('14.09.10.2001', '14.09.10', 'Perhentian Luas', 'desa', NULL, '2026-06-06 10:40:20'),
('14.09.10.2002', '14.09.10', 'Logas', 'desa', NULL, '2026-06-06 10:40:20'),
('14.09.10.2003', '14.09.10', 'Lubuk Kebun', 'desa', NULL, '2026-06-06 10:40:20'),
('14.09.10.2004', '14.09.10', 'Sungai Rambai', 'desa', NULL, '2026-06-06 10:40:20'),
('14.09.10.2005', '14.09.10', 'Situgal', 'desa', NULL, '2026-06-06 10:40:20'),
('14.09.10.2006', '14.09.10', 'Rambahan', 'desa', NULL, '2026-06-06 10:40:20'),
('14.09.10.2007', '14.09.10', 'Teratak Rendah', 'desa', NULL, '2026-06-06 10:40:20'),
('14.09.10.2008', '14.09.10', 'Sikijang', 'desa', NULL, '2026-06-06 10:40:20'),
('14.09.10.2009', '14.09.10', 'Sukaraja', 'desa', NULL, '2026-06-06 10:40:20'),
('14.09.10.2010', '14.09.10', 'Sako Margasari', 'desa', NULL, '2026-06-06 10:40:20'),
('14.09.10.2011', '14.09.10', 'Kuantan Sako', 'desa', NULL, '2026-06-06 10:40:20'),
('14.09.10.2012', '14.09.10', 'Hulu Teso', 'desa', NULL, '2026-06-06 10:40:20'),
('14.09.10.2013', '14.09.10', 'Giri Sako', 'desa', NULL, '2026-06-06 10:40:20'),
('14.09.10.2014', '14.09.10', 'Bumi Mulya', 'desa', NULL, '2026-06-06 10:40:20'),
('14.09.10.2015', '14.09.10', 'Sidodadi', 'desa', NULL, '2026-06-06 10:40:20'),
('14.09.11.2001', '14.09.11', 'Pasar Inuman', 'desa', NULL, '2026-06-06 10:40:20'),
('14.09.11.2002', '14.09.11', 'Koto Inuman', 'desa', NULL, '2026-06-06 10:40:20'),
('14.09.11.2003', '14.09.11', 'Pulaupanjang Hulu', 'desa', NULL, '2026-06-06 10:40:20'),
('14.09.11.2004', '14.09.11', 'Pulaupanjang Hilir', 'desa', NULL, '2026-06-06 10:40:20'),
('14.09.11.2005', '14.09.11', 'Sigaruntang', 'desa', NULL, '2026-06-06 10:40:20'),
('14.09.11.2006', '14.09.11', 'Pulaubusuk', 'desa', NULL, '2026-06-06 10:40:20'),
('14.09.11.2007', '14.09.11', 'Bedeng Sikuran', 'desa', NULL, '2026-06-06 10:40:20'),
('14.09.11.2008', '14.09.11', 'Banjar Nan Tigo', 'desa', NULL, '2026-06-06 10:40:20'),
('14.09.11.2009', '14.09.11', 'Pulausipan', 'desa', NULL, '2026-06-06 10:40:20'),
('14.09.11.2010', '14.09.11', 'Pulaubusuk Jaya', 'desa', NULL, '2026-06-06 10:40:20'),
('14.09.11.2011', '14.09.11', 'Seberang Pulau Busuk', 'desa', NULL, '2026-06-06 10:40:20'),
('14.09.11.2012', '14.09.11', 'Lebuh Lurus', 'desa', NULL, '2026-06-06 10:40:20'),
('14.09.11.2013', '14.09.11', 'Kampung Baru Koto', 'desa', NULL, '2026-06-06 10:40:20'),
('14.09.11.2014', '14.09.11', 'Ketaping Jaya', 'desa', NULL, '2026-06-06 10:40:20'),
('14.09.12.2001', '14.09.12', 'Lubuk Ambacang', 'desa', NULL, '2026-06-06 10:40:20'),
('14.09.12.2002', '14.09.12', 'Sungaikelelawar', 'desa', NULL, '2026-06-06 10:40:20'),
('14.09.12.2003', '14.09.12', 'Tanjung', 'desa', NULL, '2026-06-06 10:40:20'),
('14.09.12.2004', '14.09.12', 'Sungaipinang', 'desa', NULL, '2026-06-06 10:40:20'),
('14.09.12.2005', '14.09.12', 'Sungaialah', 'desa', NULL, '2026-06-06 10:40:20'),
('14.09.12.2006', '14.09.12', 'Koto Kombu', 'desa', NULL, '2026-06-06 10:40:20'),
('14.09.12.2007', '14.09.12', 'Sumpu', 'desa', NULL, '2026-06-06 10:40:20'),
('14.09.12.2008', '14.09.12', 'Mudik Ulo', 'desa', NULL, '2026-06-06 10:40:20'),
('14.09.12.2009', '14.09.12', 'Inuman', 'desa', NULL, '2026-06-06 10:40:20'),
('14.09.12.2010', '14.09.12', 'Tanjungmedang', 'desa', NULL, '2026-06-06 10:40:20'),
('14.09.12.2011', '14.09.12', 'Serosa', 'desa', NULL, '2026-06-06 10:40:20'),
('14.09.12.2012', '14.09.12', 'Sampurago', 'desa', NULL, '2026-06-06 10:40:20'),
('14.09.13.2001', '14.09.13', 'Pulaubaru', 'desa', NULL, '2026-06-06 10:40:20'),
('14.09.13.2002', '14.09.13', 'Pulauberalo', 'desa', NULL, '2026-06-06 10:40:20'),
('14.09.13.2003', '14.09.13', 'Pulaukulur', 'desa', NULL, '2026-06-06 10:40:20'),
('14.09.13.2004', '14.09.13', 'Pelukahan', 'desa', NULL, '2026-06-06 10:40:20'),
('14.09.13.2005', '14.09.13', 'Pengalihan', 'desa', NULL, '2026-06-06 10:40:20'),
('14.09.13.2006', '14.09.13', 'Lumbok', 'desa', NULL, '2026-06-06 10:40:20'),
('14.09.13.2007', '14.09.13', 'Teratak Jering', 'desa', NULL, '2026-06-06 10:40:20'),
('14.09.13.2008', '14.09.13', 'Tanjungpisang', 'desa', NULL, '2026-06-06 10:40:20'),
('14.09.13.2009', '14.09.13', 'Danau', 'desa', NULL, '2026-06-06 10:40:20'),
('14.09.13.2010', '14.09.13', 'Kasang Limau Sundai', 'desa', NULL, '2026-06-06 10:40:20'),
('14.09.13.2011', '14.09.13', 'Koto Rajo', 'desa', NULL, '2026-06-06 10:40:20'),
('14.09.13.2012', '14.09.13', 'Tanjung', 'desa', NULL, '2026-06-06 10:40:20'),
('14.09.13.2013', '14.09.13', 'Sungaisorik', 'desa', NULL, '2026-06-06 10:40:20'),
('14.09.13.2014', '14.09.13', 'Rawang Oguang', 'desa', NULL, '2026-06-06 10:40:20'),
('14.09.14.1015', '14.09.14', 'Beringin Jaya', 'kelurahan', NULL, '2026-06-06 10:40:20'),
('14.09.14.2001', '14.09.14', 'Pulaukomang Sentajo', 'desa', NULL, '2026-06-06 10:40:20'),
('14.09.14.2002', '14.09.14', 'Muaro Sentajo', 'desa', NULL, '2026-06-06 10:40:20'),
('14.09.14.2003', '14.09.14', 'Koto Sentajo', 'desa', NULL, '2026-06-06 10:40:20'),
('14.09.14.2004', '14.09.14', 'Kampungbaru Sentajo', 'desa', NULL, '2026-06-06 10:40:20'),
('14.09.14.2005', '14.09.14', 'Pulaukopung Sentajo', 'desa', NULL, '2026-06-06 10:40:20'),
('14.09.14.2006', '14.09.14', 'Teratak Air Hitam', 'desa', NULL, '2026-06-06 10:40:20'),
('14.09.14.2007', '14.09.14', 'Seberang Teratak Air Hitam', 'desa', NULL, '2026-06-06 10:40:20'),
('14.09.14.2008', '14.09.14', 'Parit Teratak Air Hitam', 'desa', NULL, '2026-06-06 10:40:20'),
('14.09.14.2009', '14.09.14', 'Jalur Patah', 'desa', NULL, '2026-06-06 10:40:20'),
('14.09.14.2010', '14.09.14', 'Geringing Baru', 'desa', NULL, '2026-06-06 10:40:20'),
('14.09.14.2011', '14.09.14', 'Marsawa', 'desa', NULL, '2026-06-06 10:40:20'),
('14.09.14.2012', '14.09.14', 'Langsat Hulu', 'desa', NULL, '2026-06-06 10:40:20'),
('14.09.14.2013', '14.09.14', 'Muara Langsat', 'desa', NULL, '2026-06-06 10:40:20'),
('14.09.14.2014', '14.09.14', 'Geringging Jaya', 'desa', NULL, '2026-06-06 10:40:20'),
('14.09.15.2001', '14.09.15', 'Perhentian Sungkai', 'desa', NULL, '2026-06-06 10:40:20'),
('14.09.15.2002', '14.09.15', 'Ibul', 'desa', NULL, '2026-06-06 10:40:20'),
('14.09.15.2003', '14.09.15', 'Muarapetai', 'desa', NULL, '2026-06-06 10:40:20'),
('14.09.15.2004', '14.09.15', 'Pangkalan', 'desa', NULL, '2026-06-06 10:40:20'),
('14.09.15.2005', '14.09.15', 'Sungaibesar', 'desa', NULL, '2026-06-06 10:40:20'),
('14.09.15.2006', '14.09.15', 'Setiang', 'desa', NULL, '2026-06-06 10:40:20'),
('14.09.15.2007', '14.09.15', 'Muaro Tiu Makmur', 'desa', NULL, '2026-06-06 10:40:20'),
('14.09.15.2008', '14.09.15', 'Muaratobek', 'desa', NULL, '2026-06-06 10:40:20'),
('14.09.15.2009', '14.09.15', 'Sungaibesar Hilir', 'desa', NULL, '2026-06-06 10:40:20'),
('14.09.15.2010', '14.09.15', 'Kampung Baru Ibul', 'desa', NULL, '2026-06-06 10:40:20'),
('14.10.01.1001', '14.10.01', 'Selatpanjang Kota', 'kelurahan', NULL, '2026-06-06 10:40:20'),
('14.10.01.1002', '14.10.01', 'Selatpanjang Barat', 'kelurahan', NULL, '2026-06-06 10:40:20'),
('14.10.01.1003', '14.10.01', 'Selatpanjang Selatan', 'kelurahan', NULL, '2026-06-06 10:40:20'),
('14.10.01.1004', '14.10.01', 'Selatpanjang Timur', 'kelurahan', NULL, '2026-06-06 10:40:20'),
('14.10.01.2005', '14.10.01', 'Banglas', 'desa', NULL, '2026-06-06 10:40:20'),
('14.10.01.2006', '14.10.01', 'Alah Air', 'desa', NULL, '2026-06-06 10:40:20'),
('14.10.01.2007', '14.10.01', 'Alah Air Timur', 'desa', NULL, '2026-06-06 10:40:20'),
('14.10.01.2008', '14.10.01', 'Sesap', 'desa', NULL, '2026-06-06 10:40:20'),
('14.10.01.2016', '14.10.01', 'Banglas Barat', 'desa', NULL, '2026-06-06 10:40:20'),
('14.10.02.2001', '14.10.02', 'Segomeng', 'desa', NULL, '2026-06-06 10:40:20'),
('14.10.02.2002', '14.10.02', 'Bantar', 'desa', NULL, '2026-06-06 10:40:20'),
('14.10.02.2003', '14.10.02', 'Anak Setatah', 'desa', NULL, '2026-06-06 10:40:20'),
('14.10.02.2004', '14.10.02', 'Lemang', 'desa', NULL, '2026-06-06 10:40:20'),
('14.10.02.2005', '14.10.02', 'Bokor', 'desa', NULL, '2026-06-06 10:40:20'),
('14.10.02.2006', '14.10.02', 'Sungai Cina', 'desa', NULL, '2026-06-06 10:40:20'),
('14.10.02.2007', '14.10.02', 'Melai', 'desa', NULL, '2026-06-06 10:40:20'),
('14.10.02.2011', '14.10.02', 'Telaga Baru', 'desa', NULL, '2026-06-06 10:40:20'),
('14.10.02.2012', '14.10.02', 'Bina Maju', 'desa', NULL, '2026-06-06 10:40:20'),
('14.10.02.2015', '14.10.02', 'Sialang Pasung', 'desa', NULL, '2026-06-06 10:40:20'),
('14.10.02.2016', '14.10.02', 'Permai', 'desa', NULL, '2026-06-06 10:40:20'),
('14.10.02.2017', '14.10.02', 'Mekar Baru', 'desa', NULL, '2026-06-06 10:40:20'),
('14.10.03.2001', '14.10.03', 'Tanjung Samak', 'desa', NULL, '2026-06-06 10:40:20'),
('14.10.03.2002', '14.10.03', 'Tanjung Medang', 'desa', NULL, '2026-06-06 10:40:20'),
('14.10.03.2004', '14.10.03', 'Gemala Sari', 'desa', NULL, '2026-06-06 10:40:20'),
('14.10.03.2007', '14.10.03', 'Topang', 'desa', NULL, '2026-06-06 10:40:20'),
('14.10.03.2008', '14.10.03', 'Penyagun', 'desa', NULL, '2026-06-06 10:40:20'),
('14.10.03.2010', '14.10.03', 'Repan', 'desa', NULL, '2026-06-06 10:40:20'),
('14.10.03.2011', '14.10.03', 'Tanjung Bakau', 'desa', NULL, '2026-06-06 10:40:20'),
('14.10.03.2012', '14.10.03', 'Teluk Samak', 'desa', NULL, '2026-06-06 10:40:20'),
('14.10.03.2013', '14.10.03', 'Sungai Gayung Kiri', 'desa', NULL, '2026-06-06 10:40:20'),
('14.10.03.2014', '14.10.03', 'Citra Damai', 'desa', NULL, '2026-06-06 10:40:20'),
('14.10.03.2016', '14.10.03', 'Dwi Tunggal', 'desa', NULL, '2026-06-06 10:40:20'),
('14.10.03.2017', '14.10.03', 'Wonosari', 'desa', NULL, '2026-06-06 10:40:20'),
('14.10.03.2018', '14.10.03', 'Tebun', 'desa', NULL, '2026-06-06 10:40:20'),
('14.10.03.2020', '14.10.03', 'Tanjung Gemuk', 'desa', NULL, '2026-06-06 10:40:20'),
('14.10.04.2001', '14.10.04', 'Alai', 'desa', NULL, '2026-06-06 10:40:20'),
('14.10.04.2002', '14.10.04', 'Tenan', 'desa', NULL, '2026-06-06 10:40:20'),
('14.10.04.2003', '14.10.04', 'Insit', 'desa', NULL, '2026-06-06 10:40:20'),
('14.10.04.2004', '14.10.04', 'Tanjung', 'desa', NULL, '2026-06-06 10:40:20'),
('14.10.04.2005', '14.10.04', 'Tanjung Peranap', 'desa', NULL, '2026-06-06 10:40:20'),
('14.10.04.2006', '14.10.04', 'Kundur', 'desa', NULL, '2026-06-06 10:40:20'),
('14.10.04.2007', '14.10.04', 'Mekong', 'desa', NULL, '2026-06-06 10:40:20'),
('14.10.04.2008', '14.10.04', 'Batang Malas', 'desa', NULL, '2026-06-06 10:40:20'),
('14.10.04.2009', '14.10.04', 'Mantiasa', 'desa', NULL, '2026-06-06 10:40:20'),
('14.10.04.2010', '14.10.04', 'Gogok Darussalam', 'desa', NULL, '2026-06-06 10:40:20'),
('14.10.04.2011', '14.10.04', 'Maini Darul Aman', 'desa', NULL, '2026-06-06 10:40:20'),
('14.10.04.2012', '14.10.04', 'Mengkikip', 'desa', NULL, '2026-06-06 10:40:20'),
('14.10.04.2013', '14.10.04', 'Alai Selatan', 'desa', NULL, '2026-06-06 10:40:20'),
('14.10.04.2014', '14.10.04', 'Tanjung Darul Takzim', 'desa', NULL, '2026-06-06 10:40:20'),
('14.10.05.1001', '14.10.05', 'Teluk Belitung', 'kelurahan', NULL, '2026-06-06 10:40:20'),
('14.10.05.2002', '14.10.05', 'Meranti Bunting', 'desa', NULL, '2026-06-06 10:40:20'),
('14.10.05.2003', '14.10.05', 'Lukit', 'desa', NULL, '2026-06-06 10:40:20'),
('14.10.05.2004', '14.10.05', 'Bagan Melibur', 'desa', NULL, '2026-06-06 10:40:20'),
('14.10.05.2018', '14.10.05', 'Pelantai', 'desa', NULL, '2026-06-06 10:40:20'),
('14.10.05.2019', '14.10.05', 'Tanjung Kulim', 'desa', NULL, '2026-06-06 10:40:20'),
('14.10.05.2021', '14.10.05', 'Mekar Sari', 'desa', NULL, '2026-06-06 10:40:20'),
('14.10.05.2023', '14.10.05', 'Mayang Sari', 'desa', NULL, '2026-06-06 10:40:20'),
('14.10.05.2026', '14.10.05', 'Sungai Anak Kamal', 'desa', NULL, '2026-06-06 10:40:20'),
('14.10.05.2027', '14.10.05', 'Sungai Tengah', 'desa', NULL, '2026-06-06 10:40:20'),
('14.10.06.2001', '14.10.06', 'Kuala Merbau', 'desa', NULL, '2026-06-06 10:40:20'),
('14.10.06.2002', '14.10.06', 'Renak Dungun', 'desa', NULL, '2026-06-06 10:40:20'),
('14.10.06.2003', '14.10.06', 'Baran Melintang', 'desa', NULL, '2026-06-06 10:40:20'),
('14.10.06.2004', '14.10.06', 'Teluk Ketapang', 'desa', NULL, '2026-06-06 10:40:20'),
('14.10.06.2005', '14.10.06', 'Semukut', 'desa', NULL, '2026-06-06 10:40:20'),
('14.10.06.2006', '14.10.06', 'Centai', 'desa', NULL, '2026-06-06 10:40:20'),
('14.10.06.2007', '14.10.06', 'Tanjungbunga', 'desa', NULL, '2026-06-06 10:40:20'),
('14.10.06.2008', '14.10.06', 'Batang Meranti', 'desa', NULL, '2026-06-06 10:40:20'),
('14.10.06.2009', '14.10.06', 'Pangkalan Balai', 'desa', NULL, '2026-06-06 10:40:20'),
('14.10.06.2010', '14.10.06', 'Padang Kamal', 'desa', NULL, '2026-06-06 10:40:20'),
('14.10.06.2011', '14.10.06', 'Ketapang Permai', 'desa', NULL, '2026-06-06 10:40:20'),
('14.10.07.2001', '14.10.07', 'Lukun', 'desa', NULL, '2026-06-06 10:40:20'),
('14.10.07.2002', '14.10.07', 'Sungai Tohor', 'desa', NULL, '2026-06-06 10:40:20'),
('14.10.07.2003', '14.10.07', 'Nipah Sendanu', 'desa', NULL, '2026-06-06 10:40:20'),
('14.10.07.2004', '14.10.07', 'Tanjung Sari', 'desa', NULL, '2026-06-06 10:40:20'),
('14.10.07.2005', '14.10.07', 'Tanjung Gadai', 'desa', NULL, '2026-06-06 10:40:20'),
('14.10.07.2006', '14.10.07', 'Teluk Buntal', 'desa', NULL, '2026-06-06 10:40:20'),
('14.10.07.2007', '14.10.07', 'Kepau Baru', 'desa', NULL, '2026-06-06 10:40:20'),
('14.10.07.2008', '14.10.07', 'Sungai Tohor Barat', 'desa', NULL, '2026-06-06 10:40:20'),
('14.10.07.2009', '14.10.07', 'Sendanu Darul Ihsan', 'desa', NULL, '2026-06-06 10:40:20'),
('14.10.07.2010', '14.10.07', 'Batin Suir', 'desa', NULL, '2026-06-06 10:40:20'),
('14.10.08.2001', '14.10.08', 'Tanjung Padang', 'desa', NULL, '2026-06-06 10:40:20'),
('14.10.08.2002', '14.10.08', 'Putri Puyu', 'desa', NULL, '2026-06-06 10:40:20'),
('14.10.08.2003', '14.10.08', 'Mekar Delima', 'desa', NULL, '2026-06-06 10:40:20'),
('14.10.08.2004', '14.10.08', 'Dedap', 'desa', NULL, '2026-06-06 10:40:20'),
('14.10.08.2005', '14.10.08', 'Kudap', 'desa', NULL, '2026-06-06 10:40:20'),
('14.10.08.2006', '14.10.08', 'Bandul', 'desa', NULL, '2026-06-06 10:40:20'),
('14.10.08.2007', '14.10.08', 'Selat Akar', 'desa', NULL, '2026-06-06 10:40:20'),
('14.10.08.2008', '14.10.08', 'Tanjung Pisang', 'desa', NULL, '2026-06-06 10:40:20'),
('14.10.08.2009', '14.10.08', 'Mengkopot', 'desa', NULL, '2026-06-06 10:40:20'),
('14.10.08.2010', '14.10.08', 'Mengkirau', 'desa', NULL, '2026-06-06 10:40:20'),
('14.10.09.2001', '14.10.09', 'Tanjung Kedabu', 'desa', NULL, '2026-06-06 10:40:20'),
('14.10.09.2002', '14.10.09', 'Beting', 'desa', NULL, '2026-06-06 10:40:20'),
('14.10.09.2003', '14.10.09', 'Sokop', 'desa', NULL, '2026-06-06 10:40:20'),
('14.10.09.2004', '14.10.09', 'Telesung', 'desa', NULL, '2026-06-06 10:40:20'),
('14.10.09.2005', '14.10.09', 'Bungur', 'desa', NULL, '2026-06-06 10:40:20'),
('14.10.09.2006', '14.10.09', 'Tenggayun Raya', 'desa', NULL, '2026-06-06 10:40:20'),
('14.10.09.2007', '14.10.09', 'Sendaur', 'desa', NULL, '2026-06-06 10:40:20'),
('14.10.09.2008', '14.10.09', 'Kayu Ara', 'desa', NULL, '2026-06-06 10:40:20'),
('14.10.09.2009', '14.10.09', 'Sonde', 'desa', NULL, '2026-06-06 10:40:20'),
('14.10.09.2010', '14.10.09', 'Kedabu Rapat', 'desa', NULL, '2026-06-06 10:40:20'),
('14.10.09.2011', '14.10.09', 'Tanah Merah', 'desa', NULL, '2026-06-06 10:40:20'),
('14.71.01.1002', '14.71.01', 'Jadirejo', 'kelurahan', NULL, '2026-06-06 10:40:20'),
('14.71.01.1003', '14.71.01', 'Kampung Tengah', 'kelurahan', NULL, '2026-06-06 10:40:20'),
('14.71.01.1004', '14.71.01', 'Kampung Melayu', 'kelurahan', NULL, '2026-06-06 10:40:20'),
('14.71.01.1005', '14.71.01', 'Kedung Sari', 'kelurahan', NULL, '2026-06-06 10:40:20'),
('14.71.01.1006', '14.71.01', 'Harjosari', 'kelurahan', NULL, '2026-06-06 10:40:20'),
('14.71.01.1007', '14.71.01', 'Sukajadi', 'kelurahan', NULL, '2026-06-06 10:40:20'),
('14.71.01.1008', '14.71.01', 'Pulau Karomah', 'kelurahan', NULL, '2026-06-06 10:40:20'),
('14.71.02.1001', '14.71.02', 'Simpang Empat', 'kelurahan', NULL, '2026-06-06 10:40:20'),
('14.71.02.1002', '14.71.02', 'Sumahilang', 'kelurahan', NULL, '2026-06-06 10:40:20'),
('14.71.02.1003', '14.71.02', 'Tanah Datar', 'kelurahan', NULL, '2026-06-06 10:40:20'),
('14.71.02.1004', '14.71.02', 'Kota Baru', 'kelurahan', NULL, '2026-06-06 10:40:20'),
('14.71.02.1005', '14.71.02', 'Sukaramai', 'kelurahan', NULL, '2026-06-06 10:40:20'),
('14.71.02.1006', '14.71.02', 'Kota Tinggi', 'kelurahan', NULL, '2026-06-06 10:40:20'),
('14.71.03.1001', '14.71.03', 'Cinta Raja', 'kelurahan', NULL, '2026-06-06 10:40:20'),
('14.71.03.1002', '14.71.03', 'Sukamulya', 'kelurahan', NULL, '2026-06-06 10:40:20'),
('14.71.03.1003', '14.71.03', 'Sukamaju', 'kelurahan', NULL, '2026-06-06 10:40:20'),
('14.71.04.1001', '14.71.04', 'Rintis', 'kelurahan', NULL, '2026-06-06 10:40:20'),
('14.71.04.1002', '14.71.04', 'Tanjung RHU', 'kelurahan', NULL, '2026-06-06 10:40:20'),
('14.71.04.1003', '14.71.04', 'Pesisir', 'kelurahan', NULL, '2026-06-06 10:40:20'),
('14.71.04.1004', '14.71.04', 'Sekip', 'kelurahan', NULL, '2026-06-06 10:40:20'),
('14.71.05.1001', '14.71.05', 'Padang Bulan', 'kelurahan', NULL, '2026-06-06 10:40:20'),
('14.71.05.1002', '14.71.05', 'Sago', 'kelurahan', NULL, '2026-06-06 10:40:20'),
('14.71.05.1003', '14.71.05', 'Kampung Baru', 'kelurahan', NULL, '2026-06-06 10:40:20'),
('14.71.05.1004', '14.71.05', 'Kampung Dalam', 'kelurahan', NULL, '2026-06-06 10:40:20'),
('14.71.05.1005', '14.71.05', 'Kampung Bandar', 'kelurahan', NULL, '2026-06-06 10:40:20'),
('14.71.05.1006', '14.71.05', 'Padang Terubuk', 'kelurahan', NULL, '2026-06-06 10:40:20'),
('14.71.06.1003', '14.71.06', 'Rumbai Bukit', 'kelurahan', NULL, '2026-06-06 10:40:20'),
('14.71.06.1005', '14.71.06', 'Muarafajar Timur', 'kelurahan', NULL, '2026-06-06 10:40:20'),
('14.71.06.1010', '14.71.06', 'Muarafajar Barat', 'kelurahan', NULL, '2026-06-06 10:40:20'),
('14.71.06.1011', '14.71.06', 'Rantaupanjang', 'kelurahan', NULL, '2026-06-06 10:40:20'),
('14.71.06.1012', '14.71.06', 'Maharani', 'kelurahan', NULL, '2026-06-06 10:40:20'),
('14.71.06.1013', '14.71.06', 'Agrowisata', 'kelurahan', NULL, '2026-06-06 10:40:20'),
('14.71.07.1005', '14.71.07', 'Simpang Tiga', 'kelurahan', NULL, '2026-06-06 10:40:20'),
('14.71.07.1006', '14.71.07', 'Tangkerang Selatan', 'kelurahan', NULL, '2026-06-06 10:40:20'),
('14.71.07.1008', '14.71.07', 'Tangkerang Utara', 'kelurahan', NULL, '2026-06-06 10:40:20'),
('14.71.07.1011', '14.71.07', 'Tangkerang Labuai', 'kelurahan', NULL, '2026-06-06 10:40:20'),
('14.71.07.1012', '14.71.07', 'Airdingin', 'kelurahan', NULL, '2026-06-06 10:40:20'),
('14.71.08.1001', '14.71.08', 'Simpangbaru', 'kelurahan', NULL, '2026-06-06 10:40:20'),
('14.71.08.1008', '14.71.08', 'Delima', 'kelurahan', NULL, '2026-06-06 10:40:20'),
('14.71.08.1009', '14.71.08', 'Tobekgodang', 'kelurahan', NULL, '2026-06-06 10:40:20'),
('14.71.08.1010', '14.71.08', 'Binawidya', 'kelurahan', NULL, '2026-06-06 10:40:20'),
('14.71.08.1014', '14.71.08', 'Sungaisibam', 'kelurahan', NULL, '2026-06-06 10:40:20'),
('14.71.09.1001', '14.71.09', 'Tangkerang Barat', 'kelurahan', NULL, '2026-06-06 10:40:20'),
('14.71.09.1002', '14.71.09', 'Tangkerang Tengah', 'kelurahan', NULL, '2026-06-06 10:40:20'),
('14.71.09.1003', '14.71.09', 'Sidomulyo Timur', 'kelurahan', NULL, '2026-06-06 10:40:20'),
('14.71.09.1004', '14.71.09', 'Wonorejo', 'kelurahan', NULL, '2026-06-06 10:40:20'),
('14.71.09.1005', '14.71.09', 'Maharatu', 'kelurahan', NULL, '2026-06-06 10:40:20'),
('14.71.09.1006', '14.71.09', 'Perhentianmarpoyan', 'kelurahan', NULL, '2026-06-06 10:40:20'),
('14.71.10.1002', '14.71.10', 'Bencahlesung', 'kelurahan', NULL, '2026-06-06 10:40:20'),
('14.71.10.1003', '14.71.10', 'Tangkerang Timur', 'kelurahan', NULL, '2026-06-06 10:40:20'),
('14.71.10.1004', '14.71.10', 'Rejosari', 'kelurahan', NULL, '2026-06-06 10:40:20'),
('14.71.10.1005', '14.71.10', 'Bambukuning', 'kelurahan', NULL, '2026-06-06 10:40:20'),
('14.71.10.1010', '14.71.10', 'Melebung', 'kelurahan', NULL, '2026-06-06 10:40:20'),
('14.71.10.1011', '14.71.10', 'Industritenayan', 'kelurahan', NULL, '2026-06-06 10:40:20'),
('14.71.10.1012', '14.71.10', 'Sialangsakti', 'kelurahan', NULL, '2026-06-06 10:40:20'),
('14.71.10.1013', '14.71.10', 'Tuahnegeri', 'kelurahan', NULL, '2026-06-06 10:40:20'),
('14.71.11.1001', '14.71.11', 'Tampan', 'kelurahan', NULL, '2026-06-06 10:40:20'),
('14.71.11.1002', '14.71.11', 'Labuh Baru Timur', 'kelurahan', NULL, '2026-06-06 10:40:20'),
('14.71.11.1003', '14.71.11', 'Labuh Baru Barat', 'kelurahan', NULL, '2026-06-06 10:40:20'),
('14.71.11.1004', '14.71.11', 'Air Hitam', 'kelurahan', NULL, '2026-06-06 10:40:20'),
('14.71.11.1005', '14.71.11', 'Bandarraya', 'kelurahan', NULL, '2026-06-06 10:40:20'),
('14.71.11.1007', '14.71.11', 'Tirtasiak', 'kelurahan', NULL, '2026-06-06 10:40:20'),
('14.71.12.1001', '14.71.12', 'Meranti Pandak', 'kelurahan', NULL, '2026-06-06 10:40:20'),
('14.71.12.1004', '14.71.12', 'Lembah Damai', 'kelurahan', NULL, '2026-06-06 10:40:20'),
('14.71.12.1006', '14.71.12', 'Limbungan Baru', 'kelurahan', NULL, '2026-06-06 10:40:20'),
('14.71.12.1009', '14.71.12', 'Sri Meranti', 'kelurahan', NULL, '2026-06-06 10:40:20'),
('14.71.12.1010', '14.71.12', 'Palas', 'kelurahan', NULL, '2026-06-06 10:40:20'),
('14.71.12.1011', '14.71.12', 'Umban Sari', 'kelurahan', NULL, '2026-06-06 10:40:20'),
('14.71.13.1001', '14.71.13', 'Sidomulyo Barat', 'kelurahan', NULL, '2026-06-06 10:40:20'),
('14.71.13.1002', '14.71.13', 'Sialangmunggu', 'kelurahan', NULL, '2026-06-06 10:40:20'),
('14.71.13.1003', '14.71.13', 'Tuahkarya', 'kelurahan', NULL, '2026-06-06 10:40:20'),
('14.71.13.1004', '14.71.13', 'Tuahmadani', 'kelurahan', NULL, '2026-06-06 10:40:20'),
('14.71.13.1005', '14.71.13', 'Airputih', 'kelurahan', NULL, '2026-06-06 10:40:20'),
('14.71.14.1001', '14.71.14', 'Kulim', 'kelurahan', NULL, '2026-06-06 10:40:20'),
('14.71.14.1002', '14.71.14', 'Mentangor', 'kelurahan', NULL, '2026-06-06 10:40:20'),
('14.71.14.1003', '14.71.14', 'Sialangrampai', 'kelurahan', NULL, '2026-06-06 10:40:20'),
('14.71.14.1004', '14.71.14', 'Pebatuan', 'kelurahan', NULL, '2026-06-06 10:40:20');
INSERT INTO `kelurahan` (`id_kelurahan`, `id_kecamatan`, `nama`, `jenis`, `kode_pos`, `created_at`) VALUES
('14.71.14.1005', '14.71.14', 'Pematangkapau', 'kelurahan', NULL, '2026-06-06 10:40:20'),
('14.71.15.1001', '14.71.15', 'Tebing Tinggi Okura', 'kelurahan', NULL, '2026-06-06 10:40:20'),
('14.71.15.1002', '14.71.15', 'Sungaiukai', 'kelurahan', NULL, '2026-06-06 10:40:20'),
('14.71.15.1003', '14.71.15', 'Sungaiambang', 'kelurahan', NULL, '2026-06-06 10:40:20'),
('14.71.15.1004', '14.71.15', 'Lembah Sari', 'kelurahan', NULL, '2026-06-06 10:40:20'),
('14.71.15.1005', '14.71.15', 'Limbungan', 'kelurahan', NULL, '2026-06-06 10:40:20'),
('14.72.01.1003', '14.72.01', 'Pangkalan Sesai', 'kelurahan', NULL, '2026-06-06 10:40:20'),
('14.72.01.1006', '14.72.01', 'Purnama', 'kelurahan', NULL, '2026-06-06 10:40:20'),
('14.72.01.1008', '14.72.01', 'Bagan Keladi', 'kelurahan', NULL, '2026-06-06 10:40:20'),
('14.72.01.1009', '14.72.01', 'Simpang Tetap Darul Ichsan', 'kelurahan', NULL, '2026-06-06 10:40:20'),
('14.72.02.1002', '14.72.02', 'Teluk Binjai', 'kelurahan', NULL, '2026-06-06 10:40:20'),
('14.72.02.1003', '14.72.02', 'Tanjung Palas', 'kelurahan', NULL, '2026-06-06 10:40:20'),
('14.72.02.1004', '14.72.02', 'Jaya Mukti', 'kelurahan', NULL, '2026-06-06 10:40:20'),
('14.72.02.1006', '14.72.02', 'Buluh Kasap', 'kelurahan', NULL, '2026-06-06 10:40:20'),
('14.72.02.1009', '14.72.02', 'Bukit Batrem', 'kelurahan', NULL, '2026-06-06 10:40:20'),
('14.72.03.1001', '14.72.03', 'Bukit Nenas', 'kelurahan', NULL, '2026-06-06 10:40:20'),
('14.72.03.1002', '14.72.03', 'Bukit Kayu Kapur', 'kelurahan', NULL, '2026-06-06 10:40:20'),
('14.72.03.1003', '14.72.03', 'Gurun Panjang', 'kelurahan', NULL, '2026-06-06 10:40:20'),
('14.72.03.1004', '14.72.03', 'Bagan Besar', 'kelurahan', NULL, '2026-06-06 10:40:20'),
('14.72.03.1005', '14.72.03', 'Kampung Baru', 'kelurahan', NULL, '2026-06-06 10:40:20'),
('14.72.03.1006', '14.72.03', 'Bagan Besar Timur', 'kelurahan', NULL, '2026-06-06 10:40:20'),
('14.72.03.1007', '14.72.03', 'Bukit Kapur', 'kelurahan', NULL, '2026-06-06 10:40:20'),
('14.72.04.1001', '14.72.04', 'Lubuk Gaung', 'kelurahan', NULL, '2026-06-06 10:40:20'),
('14.72.04.1002', '14.72.04', 'Tanjung Penyembal', 'kelurahan', NULL, '2026-06-06 10:40:20'),
('14.72.04.1003', '14.72.04', 'Bangsal Aceh', 'kelurahan', NULL, '2026-06-06 10:40:20'),
('14.72.04.1004', '14.72.04', 'Basilam Baru', 'kelurahan', NULL, '2026-06-06 10:40:20'),
('14.72.04.1005', '14.72.04', 'Batu Teritip', 'kelurahan', NULL, '2026-06-06 10:40:20'),
('14.72.04.1006', '14.72.04', 'Sungai Geniot', 'kelurahan', NULL, '2026-06-06 10:40:20'),
('14.72.05.1001', '14.72.05', 'Teluk Makmur', 'kelurahan', NULL, '2026-06-06 10:40:20'),
('14.72.05.1002', '14.72.05', 'Mundam', 'kelurahan', NULL, '2026-06-06 10:40:20'),
('14.72.05.1003', '14.72.05', 'Guntung', 'kelurahan', NULL, '2026-06-06 10:40:20'),
('14.72.05.1004', '14.72.05', 'Pelintung', 'kelurahan', NULL, '2026-06-06 10:40:20'),
('14.72.06.1001', '14.72.06', 'Laksamana', 'kelurahan', NULL, '2026-06-06 10:40:20'),
('14.72.06.1002', '14.72.06', 'Rimba Sekampung', 'kelurahan', NULL, '2026-06-06 10:40:20'),
('14.72.06.1003', '14.72.06', 'Dumai Kota', 'kelurahan', NULL, '2026-06-06 10:40:20'),
('14.72.06.1004', '14.72.06', 'Bintan', 'kelurahan', NULL, '2026-06-06 10:40:20'),
('14.72.06.1005', '14.72.06', 'Sukajadi', 'kelurahan', NULL, '2026-06-06 10:40:20'),
('14.72.07.1001', '14.72.07', 'Ratu Sima', 'kelurahan', NULL, '2026-06-06 10:40:20'),
('14.72.07.1002', '14.72.07', 'Bukit Timah', 'kelurahan', NULL, '2026-06-06 10:40:20'),
('14.72.07.1003', '14.72.07', 'Mekar Sari', 'kelurahan', NULL, '2026-06-06 10:40:20'),
('14.72.07.1004', '14.72.07', 'Bukit Datuk', 'kelurahan', NULL, '2026-06-06 10:40:20'),
('14.72.07.1005', '14.72.07', 'Bumi Ayu', 'kelurahan', NULL, '2026-06-06 10:40:20');

--
-- Triggers `kelurahan`
--
DELIMITER $$
CREATE TRIGGER `kelurahan_before_insert` BEFORE INSERT ON `kelurahan` FOR EACH ROW BEGIN
  IF NEW.id_kelurahan IS NULL OR NEW.id_kelurahan = '' THEN
    SET NEW.id_kelurahan = UUID()$$
DELIMITER ;

-- --------------------------------------------------------

--
-- Table structure for table `masyarakat`
--

CREATE TABLE `masyarakat` (
  `id_user` char(36) CHARACTER SET utf8mb4 COLLATE utf8mb4_unicode_ci NOT NULL,
  `nik` varchar(30) CHARACTER SET utf8mb4 COLLATE utf8mb4_unicode_ci DEFAULT NULL,
  `alamat` text CHARACTER SET utf8mb4 COLLATE utf8mb4_unicode_ci,
  `id_kabupaten` char(36) CHARACTER SET utf8mb4 COLLATE utf8mb4_unicode_ci DEFAULT NULL,
  `id_kecamatan` char(36) CHARACTER SET utf8mb4 COLLATE utf8mb4_unicode_ci DEFAULT NULL,
  `id_kelurahan` char(36) CHARACTER SET utf8mb4 COLLATE utf8mb4_unicode_ci DEFAULT NULL,
  `created_at` datetime NOT NULL DEFAULT CURRENT_TIMESTAMP,
  `updated_at` datetime NOT NULL DEFAULT CURRENT_TIMESTAMP ON UPDATE CURRENT_TIMESTAMP
) ENGINE=InnoDB DEFAULT CHARSET=utf8mb4 COLLATE=utf8mb4_unicode_ci;

--
-- Dumping data for table `masyarakat`
--

INSERT INTO `masyarakat` (`id_user`, `nik`, `alamat`, `id_kabupaten`, `id_kecamatan`, `id_kelurahan`, `created_at`, `updated_at`) VALUES
('0c3f0b90-6ae1-11f1-8924-bc2411afc18b', NULL, NULL, NULL, NULL, NULL, '2026-06-18 06:43:43', '2026-06-18 06:43:43'),
('8454884f-6ade-11f1-8924-bc2411afc18b', NULL, NULL, NULL, NULL, NULL, '2026-06-18 06:25:36', '2026-06-18 06:25:36'),
('af640990-6ae1-11f1-8924-bc2411afc18b', NULL, NULL, NULL, NULL, NULL, '2026-06-18 06:48:16', '2026-06-18 06:48:16'),
('e9a6f902-68d4-11f1-8924-bc2411afc18b', '1471112314567891', 'jalan jalan kenangan', '14.71', '14.71.11', '14.71.11.1004', '2026-06-15 16:11:48', '2026-06-20 09:36:30');

-- --------------------------------------------------------

--
-- Table structure for table `pengaduan`
--

CREATE TABLE `pengaduan` (
  `id_pengaduan` char(36) CHARACTER SET utf8mb4 COLLATE utf8mb4_unicode_ci NOT NULL DEFAULT '',
  `nomor_pengaduan` varchar(100) CHARACTER SET utf8mb4 COLLATE utf8mb4_unicode_ci NOT NULL,
  `nama_pelapor` varchar(255) CHARACTER SET utf8mb4 COLLATE utf8mb4_unicode_ci NOT NULL,
  `nomor_telepon` varchar(30) CHARACTER SET utf8mb4 COLLATE utf8mb4_unicode_ci NOT NULL,
  `email` varchar(255) CHARACTER SET utf8mb4 COLLATE utf8mb4_unicode_ci DEFAULT NULL,
  `nik` varchar(30) CHARACTER SET utf8mb4 COLLATE utf8mb4_unicode_ci DEFAULT NULL,
  `jenis_masalah` varchar(150) CHARACTER SET utf8mb4 COLLATE utf8mb4_unicode_ci NOT NULL,
  `judul_pengaduan` varchar(255) CHARACTER SET utf8mb4 COLLATE utf8mb4_unicode_ci NOT NULL,
  `kronologi` text CHARACTER SET utf8mb4 COLLATE utf8mb4_unicode_ci NOT NULL,
  `tanggal_kejadian` date NOT NULL,
  `waktu_kejadian` time DEFAULT NULL,
  `lokasi_kejadian` text CHARACTER SET utf8mb4 COLLATE utf8mb4_unicode_ci NOT NULL,
  `status` enum('menunggu','diproses','selesai','dibatalkan') CHARACTER SET utf8mb4 COLLATE utf8mb4_unicode_ci NOT NULL DEFAULT 'menunggu',
  `prioritas` enum('Sangat Tinggi','Tinggi','Menengah','Normal','Rendah') CHARACTER SET utf8mb4 COLLATE utf8mb4_unicode_ci DEFAULT 'Normal',
  `catatan_internal` text CHARACTER SET utf8mb4 COLLATE utf8mb4_unicode_ci,
  `tgl_selesai` datetime DEFAULT NULL,
  `user_id` char(36) CHARACTER SET utf8mb4 COLLATE utf8mb4_unicode_ci NOT NULL,
  `created_at` datetime NOT NULL DEFAULT CURRENT_TIMESTAMP,
  `updated_at` datetime NOT NULL DEFAULT CURRENT_TIMESTAMP ON UPDATE CURRENT_TIMESTAMP
) ENGINE=InnoDB DEFAULT CHARSET=utf8mb4 COLLATE=utf8mb4_unicode_ci;

--
-- Dumping data for table `pengaduan`
--

INSERT INTO `pengaduan` (`id_pengaduan`, `nomor_pengaduan`, `nama_pelapor`, `nomor_telepon`, `email`, `nik`, `jenis_masalah`, `judul_pengaduan`, `kronologi`, `tanggal_kejadian`, `waktu_kejadian`, `lokasi_kejadian`, `status`, `prioritas`, `catatan_internal`, `tgl_selesai`, `user_id`, `created_at`, `updated_at`) VALUES
('4440f90b-c351-4044-9c7f-46d181ff3da2', 'PBKT/2026/06/001', 'asa', '121212121212121', NULL, '1212121212121212', 'Pidana', 'sasasa', 'sasasasa', '2026-06-25', '14:49:00', 'sasasasasa', 'diproses', 'Tinggi', 'sasasasasa', NULL, '9c15d7d5-6d67-467d-be57-85cec95536f5', '2026-06-13 07:47:08', '2026-06-13 07:47:08');

--
-- Triggers `pengaduan`
--
DELIMITER $$
CREATE TRIGGER `pengaduan_before_insert` BEFORE INSERT ON `pengaduan` FOR EACH ROW BEGIN
  IF NEW.id_pengaduan IS NULL OR NEW.id_pengaduan = '' THEN
    SET NEW.id_pengaduan = UUID()$$
DELIMITER ;

-- --------------------------------------------------------

--
-- Table structure for table `posbankum`
--

CREATE TABLE `posbankum` (
  `id_posbankum` char(36) CHARACTER SET utf8mb4 COLLATE utf8mb4_unicode_ci NOT NULL DEFAULT '',
  `id_kelurahan` char(36) CHARACTER SET utf8mb4 COLLATE utf8mb4_unicode_ci NOT NULL,
  `nama` varchar(255) CHARACTER SET utf8mb4 COLLATE utf8mb4_unicode_ci NOT NULL,
  `gambar` text CHARACTER SET utf8mb4 COLLATE utf8mb4_unicode_ci,
  `nomor_tlp` varchar(30) CHARACTER SET utf8mb4 COLLATE utf8mb4_unicode_ci DEFAULT NULL,
  `alamat` text CHARACTER SET utf8mb4 COLLATE utf8mb4_unicode_ci,
  `kode_pos` varchar(10) CHARACTER SET utf8mb4 COLLATE utf8mb4_unicode_ci DEFAULT NULL,
  `email_akun` varchar(255) CHARACTER SET utf8mb4 COLLATE utf8mb4_unicode_ci DEFAULT NULL,
  `password_akun` varchar(255) CHARACTER SET utf8mb4 COLLATE utf8mb4_unicode_ci DEFAULT NULL,
  `latitude` double DEFAULT NULL,
  `longitude` double DEFAULT NULL,
  `status_verifikasi_tagging_area` enum('menunggu','disetujui','ditolak') CHARACTER SET utf8mb4 COLLATE utf8mb4_unicode_ci NOT NULL DEFAULT 'menunggu',
  `catatan_verifikasi_tagging_area` text CHARACTER SET utf8mb4 COLLATE utf8mb4_unicode_ci,
  `tgl_verifikasi_tagging_area` datetime DEFAULT NULL,
  `id_user_verifikator_tagging_area` char(36) CHARACTER SET utf8mb4 COLLATE utf8mb4_unicode_ci DEFAULT NULL,
  `created_at` datetime NOT NULL DEFAULT CURRENT_TIMESTAMP,
  `updated_at` datetime NOT NULL DEFAULT CURRENT_TIMESTAMP ON UPDATE CURRENT_TIMESTAMP
) ENGINE=InnoDB DEFAULT CHARSET=utf8mb4 COLLATE=utf8mb4_unicode_ci;

--
-- Dumping data for table `posbankum`
--

INSERT INTO `posbankum` (`id_posbankum`, `id_kelurahan`, `nama`, `gambar`, `nomor_tlp`, `alamat`, `kode_pos`, `email_akun`, `password_akun`, `latitude`, `longitude`, `status_verifikasi_tagging_area`, `catatan_verifikasi_tagging_area`, `tgl_verifikasi_tagging_area`, `id_user_verifikator_tagging_area`, `created_at`, `updated_at`) VALUES
('5f77954c-6165-11f1-aae4-0a002700000a', '14.71.11.1004', 'Air Hitam', NULL, NULL, 'Kelurahan Air Hitam, Kec. Payung Sekaki, Kota Pekanbaru', NULL, NULL, NULL, 0.528806, 101.396455, 'disetujui', NULL, '2026-06-06 14:14:26', '66b13267-b23a-4836-858b-7bb0f6254d00', '2026-06-06 05:05:44', '2026-06-06 14:14:26'),
('75ea149d-6167-11f1-aae4-0a002700000a', '14.71.11.1003', 'Labuh Baru Barat', NULL, NULL, NULL, NULL, NULL, NULL, NULL, NULL, 'disetujui', NULL, NULL, NULL, '2026-06-06 05:20:41', '2026-06-06 05:20:41'),
('e982449d-6167-11f1-aae4-0a002700000a', '14.71.11.1005', 'Bandarraya', NULL, NULL, 'Kelurahan Bandar Raya, Kec. Payung Sekaki, Kota Pekanbaru', NULL, NULL, NULL, 0.514196, 101.38577, 'menunggu', NULL, NULL, NULL, '2026-06-06 05:23:55', '2026-06-06 14:14:42'),
('fe77b914-6168-11f1-aae4-0a002700000a', '14.71.11.1002', 'Labuh Baru Timur', NULL, NULL, NULL, NULL, NULL, NULL, NULL, NULL, 'disetujui', NULL, NULL, NULL, '2026-06-06 05:31:39', '2026-06-06 05:31:39');

--
-- Triggers `posbankum`
--
DELIMITER $$
CREATE TRIGGER `posbankum_before_insert` BEFORE INSERT ON `posbankum` FOR EACH ROW BEGIN
  IF NEW.id_posbankum IS NULL OR NEW.id_posbankum = '' THEN
    SET NEW.id_posbankum = UUID()$$
DELIMITER ;

-- --------------------------------------------------------

--
-- Table structure for table `posbankum_paralegal`
--

CREATE TABLE `posbankum_paralegal` (
  `id_relasi` char(36) CHARACTER SET utf8mb4 COLLATE utf8mb4_unicode_ci NOT NULL DEFAULT '',
  `id_posbankum` char(36) CHARACTER SET utf8mb4 COLLATE utf8mb4_unicode_ci NOT NULL,
  `id_user` char(36) CHARACTER SET utf8mb4 COLLATE utf8mb4_unicode_ci NOT NULL,
  `is_primary` tinyint(1) NOT NULL DEFAULT '0',
  `status` enum('aktif','nonaktif') CHARACTER SET utf8mb4 COLLATE utf8mb4_unicode_ci NOT NULL DEFAULT 'aktif',
  `assigned_by` char(36) CHARACTER SET utf8mb4 COLLATE utf8mb4_unicode_ci DEFAULT NULL,
  `assigned_at` datetime NOT NULL DEFAULT CURRENT_TIMESTAMP
) ENGINE=InnoDB DEFAULT CHARSET=utf8mb4 COLLATE=utf8mb4_unicode_ci;

--
-- Dumping data for table `posbankum_paralegal`
--

INSERT INTO `posbankum_paralegal` (`id_relasi`, `id_posbankum`, `id_user`, `is_primary`, `status`, `assigned_by`, `assigned_at`) VALUES
('00fc53b3-2497-4cad-be71-e35e9a4f611d', '75ea149d-6167-11f1-aae4-0a002700000a', 'd444f160-2e71-4919-b334-80004a22ad17', 0, 'aktif', '66b13267-b23a-4836-858b-7bb0f6254d00', '2026-06-06 15:31:04'),
('42f25639-6bc2-11f1-8924-bc2411afc18b', '5f77954c-6165-11f1-aae4-0a002700000a', 'a0d21955-2a8f-4e6e-9236-8f8094c1399e', 1, 'aktif', NULL, '2026-06-19 09:35:51'),
('64ea9dc3-7ee5-43ca-b309-08822d503353', 'e982449d-6167-11f1-aae4-0a002700000a', '9c15d7d5-6d67-467d-be57-85cec95536f5', 0, 'nonaktif', '66b13267-b23a-4836-858b-7bb0f6254d00', '2026-06-06 05:24:56'),
('7d977eef-d72f-4e00-9f66-25e937192c7f', 'fe77b914-6168-11f1-aae4-0a002700000a', '9c15d7d5-6d67-467d-be57-85cec95536f5', 0, 'aktif', '66b13267-b23a-4836-858b-7bb0f6254d00', '2026-06-06 05:31:39'),
('c8d957ac-17a8-4fa5-909c-5c1b3e4a6676', '5f77954c-6165-11f1-aae4-0a002700000a', 'bbe64760-d67b-4f3e-ae8e-493d8ab419d3', 0, 'aktif', '66b13267-b23a-4836-858b-7bb0f6254d00', '2026-06-06 05:11:54'),
('fabbd345-10b4-4d76-934a-6adbd5b4037d', 'e982449d-6167-11f1-aae4-0a002700000a', 'd444f160-2e71-4919-b334-80004a22ad17', 0, 'nonaktif', '66b13267-b23a-4836-858b-7bb0f6254d00', '2026-06-06 14:55:56');

--
-- Triggers `posbankum_paralegal`
--
DELIMITER $$
CREATE TRIGGER `posbankum_paralegal_before_insert` BEFORE INSERT ON `posbankum_paralegal` FOR EACH ROW BEGIN
  IF NEW.id_relasi IS NULL OR NEW.id_relasi = '' THEN
    SET NEW.id_relasi = UUID()$$
DELIMITER ;
DELIMITER $$
CREATE TRIGGER `posbankum_paralegal_before_update` BEFORE UPDATE ON `posbankum_paralegal` FOR EACH ROW BEGIN
  IF (
    SELECT COUNT(*)
    FROM users
    WHERE id_user = NEW.id_user
      AND role = 'paralegal'
  ) = 0 THEN
    SIGNAL SQLSTATE '45000'
    SET MESSAGE_TEXT = 'User yang dimasukkan harus memiliki role paralegal'$$
DELIMITER ;

-- --------------------------------------------------------

--
-- Table structure for table `users`
--

CREATE TABLE `users` (
  `id_user` char(36) CHARACTER SET utf8mb4 COLLATE utf8mb4_unicode_ci NOT NULL DEFAULT '',
  `nama_lengkap` varchar(255) CHARACTER SET utf8mb4 COLLATE utf8mb4_unicode_ci NOT NULL,
  `email` varchar(255) CHARACTER SET utf8mb4 COLLATE utf8mb4_unicode_ci NOT NULL,
  `google_id` varchar(255) CHARACTER SET utf8mb4 COLLATE utf8mb4_unicode_ci DEFAULT NULL,
  `google_token` text CHARACTER SET utf8mb4 COLLATE utf8mb4_unicode_ci,
  `password_hash` varchar(255) CHARACTER SET utf8mb4 COLLATE utf8mb4_unicode_ci NOT NULL,
  `role` enum('admin','paralegal','warga') CHARACTER SET utf8mb4 COLLATE utf8mb4_unicode_ci NOT NULL DEFAULT 'warga',
  `nip` varchar(100) CHARACTER SET utf8mb4 COLLATE utf8mb4_unicode_ci DEFAULT NULL,
  `email_kantor` varchar(255) CHARACTER SET utf8mb4 COLLATE utf8mb4_unicode_ci DEFAULT NULL,
  `nomor_telepon` varchar(30) CHARACTER SET utf8mb4 COLLATE utf8mb4_unicode_ci DEFAULT NULL,
  `nomor_kantor` varchar(30) CHARACTER SET utf8mb4 COLLATE utf8mb4_unicode_ci DEFAULT NULL,
  `jabatan` varchar(150) CHARACTER SET utf8mb4 COLLATE utf8mb4_unicode_ci DEFAULT NULL,
  `unit_kerja` varchar(255) CHARACTER SET utf8mb4 COLLATE utf8mb4_unicode_ci DEFAULT NULL,
  `alamat_kantor` text CHARACTER SET utf8mb4 COLLATE utf8mb4_unicode_ci,
  `foto_profile` text CHARACTER SET utf8mb4 COLLATE utf8mb4_unicode_ci,
  `status` enum('aktif','nonaktif') CHARACTER SET utf8mb4 COLLATE utf8mb4_unicode_ci NOT NULL DEFAULT 'aktif',
  `created_at` datetime NOT NULL DEFAULT CURRENT_TIMESTAMP,
  `updated_at` datetime NOT NULL DEFAULT CURRENT_TIMESTAMP ON UPDATE CURRENT_TIMESTAMP,
  `name` varchar(255) CHARACTER SET utf8mb4 COLLATE utf8mb4_unicode_ci DEFAULT NULL
) ENGINE=InnoDB DEFAULT CHARSET=utf8mb4 COLLATE=utf8mb4_unicode_ci;

--
-- Dumping data for table `users`
--

INSERT INTO `users` (`id_user`, `nama_lengkap`, `email`, `google_id`, `google_token`, `password_hash`, `role`, `nip`, `email_kantor`, `nomor_telepon`, `nomor_kantor`, `jabatan`, `unit_kerja`, `alamat_kantor`, `foto_profile`, `status`, `created_at`, `updated_at`, `name`) VALUES
('0c3f0b90-6ae1-11f1-8924-bc2411afc18b', 'M. Ikhsan Kurniawan', 'mikhsankurniawan3105@gmail.com', NULL, NULL, '$2y$12$Ee7v9VsjrqzMjcFfqxuzV.hqW082q7aML7ZxeGuZULKurOl3U9zwW', 'warga', NULL, NULL, NULL, NULL, NULL, NULL, NULL, 'https://lh3.googleusercontent.com/a/ACg8ocLW8LER_fPcNuoQwlCSP0xqLNAoY9uEGqTJ_OrA5wZzOGnBQtw=s96-c', 'aktif', '2026-06-18 06:43:43', '2026-06-18 06:43:43', NULL),
('66b13267-b23a-4836-858b-7bb0f6254d00', 'Dr. Ahmad Syahputra, S.H., M.H.', 'nadila23ti@mahasiswa.pcr.ac.id', NULL, NULL, '$2y$12$px5EFzGOT.DiTIJZWGqvhe6XFPKJ8o8BXOI5mkWcHxLV45aLHLlOq', 'admin', '198503152010121001', 'nadila23ti@mahasiswa.pcr.ac.id', '+62 761-123-4567', '+62 761-858585', 'Kepala Bidang Pelayanan Hukum', 'Kantor Wilayah Kementerian Hukum Riau', 'Jl. Jenderal Sudirman No. 230, Pekanbaru, Riau 28116', NULL, 'aktif', '2026-06-05 10:58:33', '2026-06-07 04:14:07', 'Dr. Ahmad Syahputra, S.H., M.H.'),
('8454884f-6ade-11f1-8924-bc2411afc18b', 'NITA SALSABILLA EFRI', 'nita23ti@mahasiswa.pcr.ac.id', NULL, NULL, '$2y$12$qI9FF/L7d2jlXgsVFCxlsu5ehhmMCo8DTPCoykujDm1kED5zw95oW', 'warga', NULL, NULL, NULL, NULL, NULL, NULL, NULL, 'https://lh3.googleusercontent.com/a/ACg8ocJCSunZ2r3Xz2Y28VlrwSACPn5izRrlWEEk5BwuMJ1ngvvXgw=s96-c', 'aktif', '2026-06-18 06:25:36', '2026-06-18 06:25:36', NULL),
('8ab37d4c-b1b3-4dda-9af9-2dc88fe46a6a', 'Test User', 'test@gmail.com', NULL, NULL, '$2y$12$LkV0QrBrg2bOP7JShbmylORVB20E9ElDKAInM5vyAXZUCeGZfqnLK', 'warga', NULL, NULL, '08123456789', NULL, NULL, NULL, NULL, NULL, 'aktif', '2026-06-13 08:15:54', '2026-06-13 08:15:54', NULL),
('9c15d7d5-6d67-467d-be57-85cec95536f5', 'Hadid Zarid Nawfal', 'hadid23ti@mahasiswa.pcr.ac.id', NULL, NULL, '$2y$12$zOj/Kq8Y4dmXUwGwmyNWzexkljbFcnYcDxtr8h4gZ3pHr7bqjMjL.', 'paralegal', NULL, NULL, NULL, NULL, NULL, NULL, NULL, NULL, 'aktif', '2026-06-06 05:24:56', '2026-06-06 05:31:39', 'Hadid Zarid Nawfal'),
('a0d21955-2a8f-4e6e-9236-8f8094c1399e', 'M Ikhsan Kurniawan', 'ikhsan23ti@mahasiswa.pcr.ac.id', NULL, NULL, '$2y$12$vFOCEg0JPVNiDntl8CneBuZAXc5O3cLYHkRK3EFhA/X2QnH72gl3S', 'paralegal', NULL, NULL, '081268721045', NULL, NULL, NULL, NULL, 'http://sibapak.pocari.id/storage/profiles/kYHOM8SVppGUa6A9ueSDNBaqlGcf8vyUZgzHNqjC.jpg', 'aktif', '2026-06-06 05:23:55', '2026-06-19 17:42:31', 'M Ikhsan Kurniawan'),
('af640990-6ae1-11f1-8924-bc2411afc18b', 'M.ikhsan Kurniawan', 'mikhsankurniawan13@sma.belajar.id', NULL, NULL, '$2y$12$IHPkbN1uenMQ3SAdFK6DXO66A/I1GW6EneTbusG1GDOG8/OSv0B1G', 'warga', NULL, NULL, NULL, NULL, NULL, NULL, NULL, 'https://lh3.googleusercontent.com/a/ACg8ocJWUNMNQjSh60UVaiG91tjWYfLY-mEb8HRt2p1_-X7AtJMuR08=s96-c', 'aktif', '2026-06-18 06:48:16', '2026-06-18 06:48:16', NULL),
('bbe64760-d67b-4f3e-ae8e-493d8ab419d3', 'Nadila Eriani', 'dilaeri99@gmail.com', NULL, NULL, '$2y$12$u7HdVHa6C0185a73eEYRVusvBI0NkUA10N.cWtxuKoePds5tuGgPW', 'paralegal', NULL, NULL, '082171845558', NULL, NULL, NULL, NULL, NULL, 'aktif', '2026-06-06 05:05:45', '2026-06-06 05:11:54', 'Nadila Eriani'),
('d444f160-2e71-4919-b334-80004a22ad17', 'Najwa Azizi', 'najwa23ti@mahasiswa.pcr.ac.id', NULL, NULL, '$2y$12$9uwgxI5QSYcfPRjUox7ASuLVGfUZR.jXAE6hsh2aKvRdeiT5TGz7e', 'paralegal', NULL, NULL, '085412654456', NULL, NULL, NULL, NULL, NULL, 'aktif', '2026-06-06 14:55:56', '2026-06-06 15:31:04', 'Najwa Azizi'),
('e940d929-66eb-11f1-8924-bc2411afc18b', 'Admin', 'hadidzarid1215@gmail.com', NULL, NULL, '$2y$12$92IXUNpkjO0rOQ5byMi.Ye4oKoEa3Ro9llC/.og/at2.uheWG/igi', 'admin', NULL, NULL, NULL, NULL, NULL, NULL, NULL, NULL, 'aktif', '2026-06-13 05:51:24', '2026-06-13 05:51:24', NULL),
('e9a6f902-68d4-11f1-8924-bc2411afc18b', 'Jotaro Joestarr', 'jojojoestar1920@gmail.com', NULL, NULL, '$2y$12$4q/GBecjepFQvgFJWnrK6uaqEf70c9pWbcrkDgHVwf8QRl4Wcmulq', 'warga', NULL, NULL, '081234567813', NULL, NULL, NULL, NULL, 'http://sibapak.pocari.id/storage/profiles/2BJ3kqKE6RFpQmLZvXon3jCe25pVOrnEXbJV3j4p.jpg', 'aktif', '2026-06-15 16:11:48', '2026-06-18 09:11:14', NULL);

--
-- Triggers `users`
--
DELIMITER $$
CREATE TRIGGER `users_before_insert` BEFORE INSERT ON `users` FOR EACH ROW BEGIN
  IF NEW.id_user IS NULL OR NEW.id_user = '' THEN
    SET NEW.id_user = UUID()$$
DELIMITER ;

-- --------------------------------------------------------

--
-- Stand-in structure for view `v_paralegal_posbankum`
-- (See below for the actual view)
--
CREATE TABLE `v_paralegal_posbankum` (
`alamat_posbankum` text
,`assigned_at` datetime
,`email` varchar(255)
,`id_kabupaten` char(36)
,`id_kecamatan` char(36)
,`id_kelurahan` char(36)
,`id_posbankum` char(36)
,`id_relasi` char(36)
,`id_user` char(36)
,`is_primary` tinyint(1)
,`nama_kabupaten` varchar(150)
,`nama_kecamatan` varchar(150)
,`nama_kelurahan` varchar(150)
,`nama_lengkap` varchar(255)
,`nama_posbankum` varchar(255)
,`nomor_telepon` varchar(30)
,`status_relasi` enum('aktif','nonaktif')
,`status_user` enum('aktif','nonaktif')
);

-- --------------------------------------------------------

--
-- Structure for view `v_paralegal_posbankum`
--
DROP TABLE IF EXISTS `v_paralegal_posbankum`;

CREATE ALGORITHM=UNDEFINED DEFINER=`ikhsan`@`localhost` SQL SECURITY DEFINER VIEW `v_paralegal_posbankum`  AS SELECT `u`.`id_user` AS `id_user`, `u`.`nama_lengkap` AS `nama_lengkap`, `u`.`email` AS `email`, `u`.`nomor_telepon` AS `nomor_telepon`, `u`.`status` AS `status_user`, `pp`.`id_relasi` AS `id_relasi`, `pp`.`id_posbankum` AS `id_posbankum`, `pp`.`is_primary` AS `is_primary`, `pp`.`status` AS `status_relasi`, `pp`.`assigned_at` AS `assigned_at`, `p`.`nama` AS `nama_posbankum`, `p`.`alamat` AS `alamat_posbankum`, `kel`.`id_kelurahan` AS `id_kelurahan`, `kel`.`nama` AS `nama_kelurahan`, `kec`.`id_kecamatan` AS `id_kecamatan`, `kec`.`nama` AS `nama_kecamatan`, `kab`.`id_kabupaten` AS `id_kabupaten`, `kab`.`nama` AS `nama_kabupaten` FROM (((((`users` `u` join `posbankum_paralegal` `pp` on((`pp`.`id_user` = `u`.`id_user`))) join `posbankum` `p` on((`p`.`id_posbankum` = `pp`.`id_posbankum`))) join `kelurahan` `kel` on((`kel`.`id_kelurahan` = `p`.`id_kelurahan`))) join `kecamatan` `kec` on((`kec`.`id_kecamatan` = `kel`.`id_kecamatan`))) join `kabupaten` `kab` on((`kab`.`id_kabupaten` = `kec`.`id_kabupaten`))) WHERE (`u`.`role` = 'paralegal') ;

--
-- Indexes for dumped tables
--

--
-- Indexes for table `kabupaten`
--
ALTER TABLE `kabupaten`
  ADD PRIMARY KEY (`id_kabupaten`);

--
-- Indexes for table `kecamatan`
--
ALTER TABLE `kecamatan`
  ADD PRIMARY KEY (`id_kecamatan`),
  ADD KEY `fk_kecamatan_kabupaten` (`id_kabupaten`);

--
-- Indexes for table `kegiatan`
--
ALTER TABLE `kegiatan`
  ADD PRIMARY KEY (`id_kegiatan`),
  ADD KEY `fk_kegiatan_posbankum` (`id_posbankum`),
  ADD KEY `fk_kegiatan_created_by` (`created_by`);

--
-- Indexes for table `kelurahan`
--
ALTER TABLE `kelurahan`
  ADD PRIMARY KEY (`id_kelurahan`),
  ADD KEY `fk_kelurahan_kecamatan` (`id_kecamatan`);

--
-- Indexes for table `masyarakat`
--
ALTER TABLE `masyarakat`
  ADD PRIMARY KEY (`id_user`),
  ADD KEY `fk_masyarakat_kabupaten` (`id_kabupaten`),
  ADD KEY `fk_masyarakat_kecamatan` (`id_kecamatan`),
  ADD KEY `fk_masyarakat_kelurahan` (`id_kelurahan`);

--
-- Indexes for table `pengaduan`
--
ALTER TABLE `pengaduan`
  ADD PRIMARY KEY (`id_pengaduan`),
  ADD UNIQUE KEY `pengaduan_nomor_unique` (`nomor_pengaduan`),
  ADD KEY `pengaduan_created_by_index` (`user_id`);

--
-- Indexes for table `posbankum`
--
ALTER TABLE `posbankum`
  ADD PRIMARY KEY (`id_posbankum`),
  ADD UNIQUE KEY `posbankum_id_kelurahan_unique` (`id_kelurahan`),
  ADD KEY `fk_posbankum_verifikator` (`id_user_verifikator_tagging_area`);

--
-- Indexes for table `posbankum_paralegal`
--
ALTER TABLE `posbankum_paralegal`
  ADD PRIMARY KEY (`id_relasi`),
  ADD UNIQUE KEY `posbankum_paralegal_posbankum_user_unique` (`id_posbankum`,`id_user`),
  ADD KEY `fk_paralegal_user` (`id_user`),
  ADD KEY `fk_paralegal_assigned_by` (`assigned_by`);

--
-- Indexes for table `users`
--
ALTER TABLE `users`
  ADD PRIMARY KEY (`id_user`);

--
-- Constraints for dumped tables
--

--
-- Constraints for table `kecamatan`
--
ALTER TABLE `kecamatan`
  ADD CONSTRAINT `fk_kecamatan_kabupaten` FOREIGN KEY (`id_kabupaten`) REFERENCES `kabupaten` (`id_kabupaten`) ON DELETE CASCADE;

--
-- Constraints for table `kegiatan`
--
ALTER TABLE `kegiatan`
  ADD CONSTRAINT `fk_kegiatan_created_by` FOREIGN KEY (`created_by`) REFERENCES `users` (`id_user`) ON DELETE SET NULL,
  ADD CONSTRAINT `fk_kegiatan_posbankum` FOREIGN KEY (`id_posbankum`) REFERENCES `posbankum` (`id_posbankum`) ON DELETE CASCADE;

--
-- Constraints for table `kelurahan`
--
ALTER TABLE `kelurahan`
  ADD CONSTRAINT `fk_kelurahan_kecamatan` FOREIGN KEY (`id_kecamatan`) REFERENCES `kecamatan` (`id_kecamatan`) ON DELETE CASCADE;

--
-- Constraints for table `masyarakat`
--
ALTER TABLE `masyarakat`
  ADD CONSTRAINT `fk_masyarakat_kabupaten` FOREIGN KEY (`id_kabupaten`) REFERENCES `kabupaten` (`id_kabupaten`) ON DELETE SET NULL,
  ADD CONSTRAINT `fk_masyarakat_kecamatan` FOREIGN KEY (`id_kecamatan`) REFERENCES `kecamatan` (`id_kecamatan`) ON DELETE SET NULL,
  ADD CONSTRAINT `fk_masyarakat_kelurahan` FOREIGN KEY (`id_kelurahan`) REFERENCES `kelurahan` (`id_kelurahan`) ON DELETE SET NULL,
  ADD CONSTRAINT `fk_masyarakat_user` FOREIGN KEY (`id_user`) REFERENCES `users` (`id_user`) ON DELETE CASCADE;

--
-- Constraints for table `pengaduan`
--
ALTER TABLE `pengaduan`
  ADD CONSTRAINT `pengaduan_user_id_fk` FOREIGN KEY (`user_id`) REFERENCES `users` (`id_user`) ON UPDATE CASCADE;

--
-- Constraints for table `posbankum`
--
ALTER TABLE `posbankum`
  ADD CONSTRAINT `fk_posbankum_kelurahan` FOREIGN KEY (`id_kelurahan`) REFERENCES `kelurahan` (`id_kelurahan`) ON DELETE RESTRICT,
  ADD CONSTRAINT `fk_posbankum_verifikator` FOREIGN KEY (`id_user_verifikator_tagging_area`) REFERENCES `users` (`id_user`) ON DELETE SET NULL;

--
-- Constraints for table `posbankum_paralegal`
--
ALTER TABLE `posbankum_paralegal`
  ADD CONSTRAINT `fk_paralegal_assigned_by` FOREIGN KEY (`assigned_by`) REFERENCES `users` (`id_user`) ON DELETE SET NULL,
  ADD CONSTRAINT `fk_paralegal_posbankum` FOREIGN KEY (`id_posbankum`) REFERENCES `posbankum` (`id_posbankum`) ON DELETE CASCADE,
  ADD CONSTRAINT `fk_paralegal_user` FOREIGN KEY (`id_user`) REFERENCES `users` (`id_user`) ON DELETE CASCADE;
COMMIT;

/*!40101 SET CHARACTER_SET_CLIENT=@OLD_CHARACTER_SET_CLIENT */;
/*!40101 SET CHARACTER_SET_RESULTS=@OLD_CHARACTER_SET_RESULTS */;
/*!40101 SET COLLATION_CONNECTION=@OLD_COLLATION_CONNECTION */;
